Rxns	ranges	minFlux	maxFlux
r_0001	0	0	0
r_0002	0	0	0
r_0004	0	0	0
r_0005	0.000262162999999999	0.0051121785	0.0053743415
r_0006	0.000262162999999999	0.0051121785	0.0053743415
r_0007	0.0710288953470124	0.00641837625	0.0774472715970124
r_0013	0	0	0
r_0014	2.7225e-06	5.308875e-05	5.581125e-05
r_0015	2.7225e-06	5.308875e-05	5.581125e-05
r_0016	0.0647065909795911	0.00823894499988759	0.0729455359794787
r_0017	0	0	0
r_0018	0.0406710623541518	0.0080748525	0.0487459148541518
r_0019	0.0452946136852376	0	0.0452946136852376
r_0020	0	0	0
r_0021	0	0	0
r_0022	0	0	0
r_0023	-0.0647065909793941	-0.00912804749999988	-0.073834638479394
r_0024	0.0738346384789811	0	0.0738346384789811
r_0025	0.073834638479394	0	0.073834638479394
r_0026	0	0	0
r_0027	0.842280572310662	0.00807485249993989	0.850355424810602
r_0028	0	0	0
r_0029	0.064706590979394	0.0091280475	0.073834638479394
r_0030	0	0	0
r_0032	0.577209714892285	0	0.577209714892285
r_0033	1.53746845129532	0	1.53746845129532
r_0034	0	0	0
r_0035	0	0	0
r_0036	1.53746845129709	0	1.53746845129709
r_0037	0	0	0
r_0038	5.445e-06	0.0001061775	0.0001116225
r_0039	0.0608819102980894	0.018638602125	0.0795205124230894
r_0040	0.0608819102980894	0.018638602125	0.0795205124230894
r_0041	0	0	0
r_0042	0.159041024845284	0	0.159041024845284
r_0043	0	0	0
r_0045	0	0	0
r_0057	0.0723949206742418	0	0.0723949206742418
r_0058	0	0	0
r_0060	-0.0647065909793941	-0.00912804749999988	-0.073834638479394
r_0061	0.147669276958375	0	0.147669276958375
r_0062	0.0823538430642988	0	0.0823538430642988
r_0063	0.0452946136852376	0	0.0452946136852376
r_0064	0.0647065909795401	0	0.0647065909795401
r_0065	0.0608819102980894	0.018638602125	0.0795205124230894
r_0066	0.0608819102980894	0	0.0608819102980894
r_0067	0.0608819102980894	0	0.0608819102980894
r_0068	0	0	0
r_0069	0	0	0
r_0072	0.064706590979394	0	0.064706590979394
r_0073	0	0	0
r_0075	0	0	0
r_0079	0.0426173372127472	0.000598744570834242	0.0432160817835815
r_0080	0.402727196625503	0	0.402727196625503
r_0081	2.20006768358871e-08	4.28999555879273e-07	4.5100023271516e-07
r_0085	0	0	0
r_0086	0	0	0
r_0088	0	0	0
r_0089	0	0	0
r_0090	2.56244741882544	0	2.56244741882544
r_0091	0	0	0
r_0092	0	0	0
r_0095	0	0	0
r_0096	0.0823538430643257	0.0180405224999731	0.100394365564299
r_0097	0.0823538430643257	0.0180405224999731	0.100394365564299
r_0099	0	0	0
r_0100	0.074739011721325	0	0.074739011721325
r_0101	0	0	0
r_0102	0.144789841348412	0	0.144789841348412
r_0103	0.0890082939117598	0	0.0890082939117598
r_0104	5.93854579033917	0	5.93854579033917
r_0105	0.0723949206742418	0	0.0723949206742418
r_0106	0.0703167319861921	0	0.0703167319861921
r_0107	0.0723949206742418	0	0.0723949206742418
r_0108	0	0	0
r_0109	0.590582690961664	0.241966292294338	0.832548983256002
r_0111	1.84606533196649	0	1.84606533196649
r_0112	1.78200884971855	0.853666549749886	2.63567539946843
r_0113	2.56244741882991	0	2.56244741882991
r_0114	0	0	0
r_0115	0.091040020564326	0.00888029999998707	0.0999203205643131
r_0118	0.091040020564326	0.00888029999998707	0.0999203205643131
r_0120	0.0703167319861921	0	0.0703167319861921
r_0121	0.0723949206742418	0	0.0723949206742418
r_0122	0	0	0
r_0123	0.0723949206742418	0	0.0723949206742418
r_0124	0.074739011721325	0	0.074739011721325
r_0125	0.0723949206742418	0	0.0723949206742418
r_0126	0.108673564631581	0	0.108673564631581
r_0127	0.108673564630789	0	0.108673564630789
r_0128	0.108673564631661	0	0.108673564631661
r_0129	0.10867356463165	0	0.10867356463165
r_0130	0.108673564631498	0	0.108673564631498
r_0131	0.0201309394155964	0	0.0201309394155964
r_0132	0.0201309394155975	0	0.0201309394155975
r_0133	0.0201309394155723	0	0.0201309394155723
r_0134	0.0201309394156635	0	0.0201309394156635
r_0135	0.0201309394156233	0	0.0201309394156233
r_0137	0	0	0
r_0139	0	0	0
r_0142	0.194125863032158	0.000935725281187069	0.195061588313345
r_0143	1.28122370941457	0	1.28122370941457
r_0144	0.194125863032158	0.000935725281187069	0.195061588313345
r_0145	0	0	0
r_0146	0	0	0
r_0147	1.53746845129532	0	1.53746845129532
r_0148	8.30688620523977	0	8.30688620523977
r_0149	4.63861498769943	0	4.63861498769943
r_0150	3.84367112823635	0	3.84367112823635
r_0151	0.0426173372127472	0.000598744570834242	0.0432160817835815
r_0152	1.28122370941874	0.00668965439583424	1.28791336381457
r_0153	1.28122370941874	0.00668965439583424	1.28791336381457
r_0154	0.56754316514245	0.00966654974983552	0.577209714892285
r_0156	3.0240563248834	0	3.0240563248834
r_0157	0.000474044999999999	0.0092438775	0.0097179225
r_0163	1000	0	1000
r_0164	0	0	0
r_0165	1000	0	1000
r_0166	0.120785636494577	0	0.120785636494577
r_0167	0.060392818246734	0	0.060392818246734
r_0168	0.0603928182469119	0	0.0603928182469119
r_0169	0	0	0
r_0170	0	0	0
r_0171	0	0	0
r_0172	0	0	0
r_0173	2.66173553169213	0	2.66173553169213
r_0174	2.1883065151031	0	2.1883065151031
r_0175	0.289812511413704	0	0.289812511413704
r_0176	0	0	0
r_0177	0	0	0
r_0178	0	0	0
r_0179	0.0603928182470451	0	0.0603928182470451
r_0180	0.0603928182470601	0	0.0603928182470601
r_0181	0.0603928182468734	0	0.0603928182468734
r_0182	0.0754910228090826	0	0.0754910228090826
r_0183	0.0754910228088132	0	0.0754910228088132
r_0184	0.0754910228085863	0	0.0754910228085863
r_0185	0	0	0
r_0186	0.0393866205957491	0	0.0393866205957491
r_0187	0.0393866205957829	0	0.0393866205957829
r_0188	0	0	0
r_0189	0	0	0
r_0190	0	0	0
r_0191	0.539884624066156	0	0.539884624066156
r_0192	0	0	0
r_0193	0.960917782059682	0	0.960917782059682
r_0194	0.960917782059758	0	0.960917782059758
r_0195	0.983894582059758	0	0.983894582059758
r_0198	0	0	0
r_0201	0	0	0
r_0202	0.0411769215320887	0.004713262125	0.0458901836570887
r_0203	0.0411769215320887	0.004713262125	0.0458901836570887
r_0205	0	0	0
r_0206	0.424626769167025	0	0.424626769167025
r_0207	-1.29254246195032e-14	0.0088803	0.00888029999998707
r_0208	1.4210854715202e-14	0.00888029999998707	0.00888030000000128
r_0209	0.0004554	0.0088803	0.0093357
r_0210	0	0	0
r_0211	0.96091778206023	0.00737611875	0.96829390081023
r_0212	0.000378262499999999	0.00737611875	0.00775438125
r_0213	0	0	0
r_0214	0.12945714193718	0	0.12945714193718
r_0215	0.106543343021112	0.0233343824998519	0.129877725520964
r_0216	0	0	0
r_0217	2999.94004349625	0	2999.94004349625
r_0218	-0.69742131101178	0	-0.69742131101178
r_0219	0.106543343021112	0.0233343824998519	0.129877725520964
r_0220	0.0181335825	0	0.0181335825
r_0225	0.0710288953470124	0.00641837625	0.0774472715970124
r_0226	4.21160440935498	9.43772284040291	13.6493272497579
r_0227	2.5624474188279	0	2.5624474188279
r_0228	0	0	0
r_0229	0	0	0
r_0230	0	0	0
r_0231	0.00628140242783052	0.000629718374966615	0.00691112080279714
r_0233	0.00574816939111335	0.000629718374966615	0.00637788776607997
r_0234	0.00628140242783052	0.000629718374966615	0.00691112080279714
r_0235	0.00628140242783052	0.000629718374966615	0.00691112080279714
r_0236	0.00628140242783052	0.000629718374966615	0.00691112080279714
r_0237	0.00628140242783052	0.000629718374966615	0.00691112080279714
r_0238	0.00628140242783052	0.000629718374966615	0.00691112080279714
r_0239	0.00628140242783052	0.000629718374966615	0.00691112080279714
r_0240	0.00628140242783052	0.000629718374966615	0.00691112080279714
r_0241	0.00628140242783052	0.000629718374966615	0.00691112080279714
r_0242	0.00574816939111335	0.000629718374966615	0.00637788776607997
r_0243	0.00579639978321314	0.000629718374966615	0.00642611815817976
r_0244	0.00573638567111594	0.000629718374966615	0.00636610404608255
r_0250	0.984915222285876	0	0.984915222285876
r_0252	2.63908047775159	0	2.63908047775159
r_0253	0.523010716002178	0	0.523010716002178
r_0254	2.63908047775159	0	2.63908047775159
r_0255	0.505037187970433	0	0.505037187970433
r_0256	0.492217123902724	0	0.492217123902724
r_0259	0	0	0
r_0260	0	0	0
r_0261	0	0	0
r_0262	0	0	0
r_0263	0	0	0
r_0264	0	0	0
r_0265	0	0	0
r_0266	0	0	0
r_0267	0	0	0
r_0268	0	0	0
r_0269	0	0	0
r_0270	0	0	0
r_0271	0	0	0
r_0272	0	0	0
r_0273	0.291546664328385	0	0.291546664328385
r_0274	0.291546664328385	0	0.291546664328385
r_0278	0.0473525968979379	0.01392534	0.0612779368979379
r_0279	0.0608819102980894	0.018638602125	0.0795205124230894
r_0280	0	0	0
r_0281	0	0	0
r_0282	0	0	0
r_0283	0	0	0
r_0284	0	0	0
r_0285	0	0	0
r_0286	0	0	0
r_0287	0	0	0
r_0288	0	0	0
r_0289	0	0	0
r_0290	0	0	0
r_0291	0	0	0
r_0292	0	0	0
r_0293	0	0	0
r_0294	0	0	0
r_0295	0	0	0
r_0296	0	0	0
r_0297	0	0	0
r_0298	0	0	0
r_0299	0	0	0
r_0300	2.51923231300176	0.574565205438868	3.09379751844063
r_0301	0.560931320200217	0	0.560931320200217
r_0302	0	0	0
r_0303	1.64055394784737	0	1.64055394784737
r_0304	2.75008460448589e-09	5.36249444849091e-08	5.6375029089395e-08
r_0306	0.0429469968957268	0	0.0429469968957268
r_0307	0.0429469968958271	0	0.0429469968958271
r_0308	1.12244174622633	0	1.12244174622633
r_0309	1.12917082572633	0	1.12917082572633
r_0310	129.414388063519	0	129.414388063519
r_0311	0.079247545978824	0	0.079247545978824
r_0312	0.110321246828352	0	0.110321246828352
r_0313	0.0001725405	0.00336453975	0.00353708025
r_0315	9.7749056520688	0	9.7749056520688
r_0317	0.00628140242783052	0.000629718374966615	0.00691112080279714
r_0320	0	0	0
r_0321	0	0	0
r_0322	0	0	0
r_0323	0	0	0
r_0326	0.0426812206707154	0	0.0426812206707154
r_0327	1.53746845129677	0	1.53746845129677
r_0330	1.53739958071094	0	1.53739958071094
r_0331	0	0	0
r_0344	0.0426173372084342	6.38834624999973e-05	0.0426812206709342
r_0345	0	0	0
r_0346	0	0	0
r_0347	0	0	0
r_0348	0	0	0
r_0349	-4.12825156004271e-14	-0.000535043437308609	-0.000535043437349891
r_0350	0	0	0
r_0351	0	0	0
r_0352	0.0823538430643257	0.0180405224999731	0.100394365564299
r_0353	0.0647065909795911	0.00823894499988759	0.0729455359794787
r_0354	3.24681881565182	0	3.24681881565182
r_0355	0.0128271222351019	0.00125949037487771	0.0140866126099796
r_0356	0	0	0
r_0357	0	0	0
r_0360	0	0	0
r_0361	6.35002500413817e-05	0.001238254875	0.00130175512504138
r_0362	0.00260351025008276	0	0.00260351025008276
r_0363	2.56244741882517	0	2.56244741882517
r_0364	1.53746845129677	0	1.53746845129677
r_0366	-0.279828979121589	0	-0.279828979121589
r_0368	0	0	0
r_0369	0	0	0
r_0370	0	0	0
r_0373	0	0	0
r_0436	2.75008460448589e-09	5.36249444849091e-08	5.6375029089395e-08
r_0438	1.68765677762137	8.70866135770063	10.396318135322
r_0439	0.843828388810685	4.35433067885032	5.198159067661
r_0443	0	0	0
r_0445	0.340460336907608	0	0.340460336907608
r_0446	0.12698877268908	0	0.12698877268908
r_0447	0	0	0
r_0448	2.56244741882544	0	2.56244741882544
r_0449	2.5624474188255	0	2.5624474188255
r_0450	0.343221565311997	0	0.343221565311997
r_0451	0.986675902854242	0.0642274652481114	1.05090336810235
r_0452	0.0156336555376129	0	0.0156336555376129
r_0453	0.0426173372084973	0.000535043437308609	0.043152380645806
r_0454	1.92183556412205	0	1.92183556412205
r_0455	0	0	0
r_0457	0	0	0
r_0458	0	0	0
r_0459	1000	0	1000
r_0460	1.28122370941409	0	1.28122370941409
r_0462	0.0128271222351019	0.00125949037487771	0.0140866126099796
r_0463	0.425304967656303	0	0.425304967656303
r_0467	-4.40203429263875e-14	-0.0673825408391182	-0.0673825408391622
r_0468	0.091040020563995	0	0.091040020563995
r_0470	2.56244741882682	0	2.56244741882682
r_0471	2.77540088708383	0	2.77540088708383
r_0472	2.77540088708193	0	2.77540088708193
r_0473	0.091040020563995	0	0.091040020563995
r_0475	2.56244741882564	0	2.56244741882564
r_0476	2.77540088709152	0.0373899186291187	2.81279080572064
r_0477	0.0710288953483645	0	0.0710288953483645
r_0478	0.000407274999999999	0.0079418625	0.0083491375
r_0479	0.000440027499999999	0.00858053625	0.00902056375
r_0480	0	0	0
r_0481	0.355961393613777	0	0.355961393613777
r_0482	0	0	0
r_0483	0.711922787227019	0	0.711922787227019
r_0485	1.28122370941409	0	1.28122370941409
r_0486	0.0331184037535763	0.730442345710458	0.763560749464034
r_0487	18.7653817528129	0	18.7653817528129
r_0488	2.56244741882906	0	2.56244741882906
r_0489	3.24681881565182	0	3.24681881565182
r_0490	1.92183556412205	0	1.92183556412205
r_0491	6.51261134397833	0	6.51261134397833
r_0492	4.73459554891198	0	4.73459554891198
r_0499	0.0432160817834725	0	0.0432160817834725
r_0501	0.533982957298314	0	0.533982957298314
r_0502	0.20904334717477	0	0.20904334717477
r_0503	-0.354019793770606	0	-0.354019793770606
r_0504	0.533982957298153	0	0.533982957298153
r_0505	1.14685810913437	0.0642278942476674	1.21108600338204
r_0506	0.53398295729702	0	0.53398295729702
r_0507	0.53398295729702	0	0.53398295729702
r_0508	0.53398295729702	0	0.53398295729702
r_0509	0.533982957298153	0	0.533982957298153
r_0510	0.425645045147588	0.03469752	0.460342565147588
r_0511	0.837733985433049	0	0.837733985433049
r_0512	0.000464034999999998	0.0090486825	0.0095127175
r_0514	1.67931500000013e-05	0.000327466424999999	0.000344259575
r_0518	0	0	0
r_0524	0	0	0
r_0525	2.7225e-06	5.308875e-05	5.581125e-05
r_0526	0	0	0
r_0527	0	0	0
r_0528	29.8189574353105	0	29.8189574353105
r_0529	-24.7007061711801	0	-24.7007061711801
r_0530	1.1275005817879e-07	0	1.1275005817879e-07
r_0531	2.75008460448589e-09	5.36249444849091e-08	5.6375029089395e-08
r_0532	0	0	0
r_0533	0	0	0
r_0534	3.84367112823833	0	3.84367112823833
r_0535	0	0	0
r_0536	0.0710288953470124	0.00641837625	0.0774472715970124
r_0537	0.0710288953470124	0.00641837625	0.0774472715970124
r_0538	0.0710288953470124	0.00641837625	0.0774472715970124
r_0539	0.0003291475	0.00641837625	0.00674752375
r_0540	0	0	0
r_0541	0	0	0
r_0542	0.858430277310647	0	0.858430277310647
r_0543	0	0	0
r_0545	1.70071084962038	0	1.70071084962038
r_0546	0.12987772552065	0	0.12987772552065
r_0547	0.129877725520964	0	0.129877725520964
r_0548	0.121084298020088	0.0087934275	0.129877725520088
r_0549	0.079247545978824	0	0.079247545978824
r_0550	0.355961393613037	0	0.355961393613037
r_0551	0	0	0
r_0553	1000	0	1000
r_0554	0	0	0
r_0555	0	0	0
r_0557	2.75008460448589e-09	5.36249444849091e-08	5.6375029089395e-08
r_0558	0.0395025608628698	0.00377847112463314	0.0432810319875029
r_0559	0.0432810319874879	0	0.0432810319874879
r_0560	1.849214057905	0	1.849214057905
r_0561	0	0	0
r_0562	0	0	0
r_0563	0.0710288953470124	0.00641837625	0.0774472715970124
r_0564	0.0710288953470124	0.00641837625	0.0774472715970124
r_0565	1.67931500000013e-05	0.000327466424999999	0.000344259575
r_0566	0.0411769215320887	0.004713262125	0.0458901836570887
r_0567	0.0411769215320887	0	0.0411769215320887
r_0568	2.9271322241036	0	2.9271322241036
r_0569	3.90258489332918	0	3.90258489332918
r_0570	4.55217200739932e-12	0.00701712082083424	0.00701712082538641
r_0572	0	0	0
r_0573	0	0	0
r_0574	0	0	0
r_0575	0	0	0
r_0596	0	0	0
r_0597	0	0	0
r_0598	0	0	0
r_0599	0	0	0
r_0600	0	0	0
r_0601	0	0	0
r_0602	0	0	0
r_0603	0	0	0
r_0604	0	0	0
r_0605	0	0	0
r_0606	0	0	0
r_0607	0	0	0
r_0608	0	0	0
r_0609	0	0	0
r_0610	0	0	0
r_0611	0	0	0
r_0612	0	0	0
r_0613	0	0	0
r_0614	0	0	0
r_0615	0	0	0
r_0616	0	0	0
r_0617	0	0	0
r_0618	0	0	0
r_0619	0	0	0
r_0620	0	0	0
r_0621	0	0	0
r_0622	0	0	0
r_0623	0	0	0
r_0624	0	0	0
r_0625	0	0	0
r_0626	0	0	0
r_0627	0	0	0
r_0628	0	0	0
r_0629	0	0	0
r_0630	0	0	0
r_0631	0	0	0
r_0632	0	0	0
r_0633	0	0	0
r_0634	0	0	0
r_0635	0	0	0
r_0636	0	0	0
r_0637	0	0	0
r_0638	0	0	0
r_0639	0	0	0
r_0640	0	0	0
r_0641	0	0	0
r_0642	0	0	0
r_0643	0	0	0
r_0644	0	0	0
r_0645	0	0	0
r_0646	0.964282639458736	0	0.964282639458736
r_0647	0.96428263945864	0	0.96428263945864
r_0648	0	0	0
r_0649	0	0	0
r_0650	0	0	0
r_0651	0	0	0
r_0652	0	0	0
r_0653	0	0	0
r_0654	0	0	0
r_0655	0	0	0
r_0656	0	0	0
r_0657	0	0	0
r_0658	3.63463137210617	0	3.63463137210617
r_0659	1.25100850436274	0	1.25100850436274
r_0661	0	0	0
r_0662	1.03403171881153	0	1.03403171881153
r_0663	0	0	0
r_0664	-0.00823937399957231	0	-0.00823937399957231
r_0665	0.000422509999999999	0.008238945	0.008661455
r_0666	0	0	0
r_0667	0.0128271222351019	0.00125949037487771	0.0140866126099796
r_0668	0	0	0
r_0669	0.0647065909795911	0.00823894499988759	0.0729455359794787
r_0670	0	0	0
r_0671	0	0	0
r_0674	0	0	0
r_0676	0	0	0
r_0678	0.06470659097913	0.0080748525	0.07278144347913
r_0679	0.960917782059645	0	0.960917782059645
r_0680	0.960917782060213	0	0.960917782060213
r_0681	0	0	0
r_0682	0	0	0
r_0683	0	0	0
r_0687	0	0	0
r_0688	0	0	0
r_0689	1.12244174622752	0	1.12244174622752
r_0690	0	0	0
r_0691	0	0	0
r_0692	0.0792475459788408	0	0.0792475459788408
r_0693	0.0792475459787485	0	0.0792475459787485
r_0694	0	0	0
r_0696	0	0	0
r_0697	1000	0	1000
r_0698	0.013950742657042	0	0.013950742657042
r_0699	1.51406664983256e-14	-0.0091280475	-0.00912804749998486
r_0700	0	0	0
r_0701	0.000468105	0.0091280475	0.0095961525
r_0711	0.000414094999999998	0.0080748525	0.0084889475
r_0712	0	0	0
r_0713	1.11846647424352	0	1.11846647424352
r_0714	0	0	0
r_0715	0	0	0
r_0717	0.448615775805563	0	0.448615775805563
r_0718	10.2425300596089	0	10.2425300596089
r_0719	0.378598935192708	0	0.378598935192708
r_0722	6.35002500413817e-05	0.001238254875	0.00130175512504138
r_0723	-3.38173499619954e-14	-0.001238254875	-0.00123825487503382
r_0724	0.126199788063644	0	0.126199788063644
r_0725	0.0928505398169435	0	0.0928505398169435
r_0726	0.194125863032158	0.000935725281187069	0.195061588313345
r_0727	0.194125863032158	0.00723773528118707	0.201363598313345
r_0729	0.000323179999999999	0.00630201	0.00662519
r_0730	0	0	0
r_0731	2.56244741882586	0	2.56244741882586
r_0732	0.0928505398167943	0	0.0928505398167943
r_0733	0	0	0
r_0734	0	0	0
r_0735	0.0422598378299387	0	0.0422598378299387
r_0736	0.0422595650987533	0	0.0422595650987533
r_0737	0.0422595650985492	0	0.0422595650985492
r_0738	0.0422595650986203	0	0.0422595650986203
r_0739	0.0384813667053056	0.00377847112463314	0.0422598378299387
r_0757	1.92868604562401	0	1.92868604562401
r_0758	5.19609585675435e-06	5.82838392361753e-05	6.34799350929297e-05
r_0759	0.091040020564326	0.00888029999998707	0.0999203205643131
r_0760	0	0	0
r_0761	0	0	0
r_0764	0	0	0
r_0765	0	0	0
r_0766	0	0	0
r_0767	0	0	0
r_0768	0	0	0
r_0769	0	0	0
r_0770	0.210780743625106	0	0.210780743625106
r_0771	1.63713487211226e-12	0	1.63713487211226e-12
r_0772	9.82991466003114e-13	-9.82991466003114e-13	0
r_0773	0.118723235224421	0	0.118723235224421
r_0774	0	0	0
r_0775	0	0	0
r_0781	0	0	0
r_0782	0	0	0
r_0783	0	0	0
r_0784	0	0	0
r_0785	0	0	0
r_0786	0	0	0
r_0787	0	0	0
r_0788	2.56244741882517	0	2.56244741882517
r_0789	2.5624474188296	0	2.5624474188296
r_0790	2.56244741882551	0	2.56244741882551
r_0791	0	0	0
r_0792	2.56244741883019	0	2.56244741883019
r_0793	0	0	0
r_0795	5.12905379083726	0	5.12905379083726
r_0796	32.4571277715886	0	32.4571277715886
r_0797	30.1552795940933	0	30.1552795940933
r_0798	30.7146671728576	0	30.7146671728576
r_0799	30.2352283009549	0	30.2352283009549
r_0800	13.8079403554908	0	13.8079403554908
r_0801	32.4664106291369	0	32.4664106291369
r_0802	0	0	0
r_0803	1.59398814894397	0	1.59398814894397
r_0804	3.54292435689664	0	3.54292435689664
r_0805	2.56244741882524	0	2.56244741882524
r_0806	2.56244741882904	0	2.56244741882904
r_0807	2.56244741882355	0	2.56244741882355
r_0810	0	0	0
r_0811	32.5775134212528	0	32.5775134212528
r_0812	0	0	0
r_0813	0.0720091300968645	0	0.0720091300968645
r_0815	129.33277651304	0	129.33277651304
r_0816	0.424626769167038	0.00888029999998707	0.433507069167025
r_0817	0.0823538430639589	0	0.0823538430639589
r_0818	0.091040020564326	0.00888029999998707	0.0999203205643131
r_0819	0.0910400205643131	0	0.0910400205643131
r_0820	-0.0426173372084973	-0.000535043437308609	-0.043152380645806
r_0821	0.0426173372085105	0.000535043437295428	0.043152380645806
r_0831	1.14461688136511	0.0642278942476674	1.20884477561278
r_0832	1.14461688136511	0.0642278942476674	1.20884477561278
r_0842	0.0312376646104094	0	0.0312376646104094
r_0843	0.0452946136852376	0	0.0452946136852376
r_0844	0.0323532954896209	0	0.0323532954896209
r_0851	-0.00743510624999999	0	-0.00743510624999999
r_0852	0.0003812875	0.00743510625	0.00781639375
r_0853	0	0	0
r_0855	0.0426173372127472	0.000598744570834242	0.0432160817835815
r_0882	0	0	0
r_0883	0.56754316514245	0.00966654974983552	0.577209714892285
r_0884	2.56244741882603	0	2.56244741882603
r_0885	0	0	0
r_0886	2.90336409113157	0	2.90336409113157
r_0887	2.90336409113309	0	2.90336409113309
r_0888	6.47815134868779e-14	0.0561230669998656	0.0561230669999304
r_0889	0	0	0
r_0890	0	0	0
r_0891	1.17877758900958	0	1.17877758900958
r_0892	-0.1420737929393	0.872516138651122	0.730442345711822
r_0893	0.872516147399551	0	0.872516147399551
r_0902	-6.35002500413817e-05	-0.001238254875	-0.00130175512504138
r_0903	0	0	0
r_0904	0.0384813667053056	0.00377847112463314	0.0422598378299387
r_0905	0.0312376646104094	0	0.0312376646104094
r_0906	0	0	0
r_0907	0	0	0
r_0908	0.0426173372127472	0.000598744570834242	0.0432160817835815
r_0909	0.0710288953470124	0.00641837625	0.0774472715970124
r_0910	0.0710288953470124	0.00641837625	0.0774472715970124
r_0911	0.0426173372127472	0.000598744570834242	0.0432160817835815
r_0912	0.0710288953514002	0.00701712082083424	0.0780460161722344
r_0913	0.0411769215320887	0.004713262125	0.0458901836570887
r_0914	0.0426173372127472	0.000598744570834242	0.0432160817835815
r_0915	0.0426173372127472	0.000598744570834242	0.0432160817835815
r_0916	0.16658864346917	0	0.16658864346917
r_0917	1.17877758900958	0	1.17877758900958
r_0918	1.17877758900958	0	1.17877758900958
r_0921	0	0	0
r_0922	0	0	0
r_0935	1.10003384179436e-08	2.14499777939636e-07	2.2550011635758e-07
r_0937	0	0	0
r_0938	0.0452946136852134	0.00743510625	0.0527297199352134
r_0939	0.0473525968979379	0.00649023375	0.0538428306479379
r_0941	0.000445444999999999	0.0086861775	0.0091316225
r_0942	1.37504230224295e-09	2.68124722424545e-08	2.81875145446975e-08
r_0943	0	0	0
r_0953	0	0	0
r_0954	0	0	0
r_0955	0	0	0
r_0956	0.711922787228104	0	0.711922787228104
r_0957	0.0823538430643131	0.0086861775	0.0910400205643131
r_0958	7.69024290412291	0	7.69024290412291
r_0959	1.04196541662235	0	1.04196541662235
r_0960	0	0	0
r_0961	1.74523018850544	0	1.74523018850544
r_0962	3.36732523868042	0	3.36732523868042
r_0963	0	0	0
r_0964	2.56244741882599	0	2.56244741882599
r_0967	5.445e-06	0.0001061775	0.0001116225
r_0968	2.7225e-06	5.308875e-05	5.581125e-05
r_0974	0.000203742825	0	0.000203742825
r_0975	0	0	0
r_0976	0.0856091270667643	0	0.0856091270667643
r_0977	0	0	0
r_0978	0.000141273	0	0.000141273
r_0979	0	0	0
r_0982	0.074925090040717	0.198781932657356	0.273707022698073
r_0984	0.00412135392636381	-0.203009464083691	-0.198888110157327
r_0985	0	0	0
r_0986	0.00579639978601953	0.000629718374966615	0.00642611816098615
r_0987	0	0	0
r_0988	0.06470659097913	0.0080748525	0.07278144347913
r_0989	0.145562886958052	0	0.145562886958052
r_0990	0.338615636659484	0	0.338615636659484
r_0992	0.110321246828352	0	0.110321246828352
r_0993	0	0	0
r_0995	0.01910887	0	0.01910887
r_0996	0.0608819102980894	0.018638602125	0.0795205124230894
r_0997	0.0608819102980894	0.018638602125	0.0795205124230894
r_0998	0	0	0
r_0999	0	0	0
r_1001	0	0	0
r_1002	0	0	0
r_1003	0	0	0
r_1004	0	0	0
r_1005	0	0	0
r_1010	0	0	0
r_1011	0.00641356111755093	0.000629718374966615	0.00704327949251754
r_1012	0.00641356111755093	0.000629718374966615	0.00704327949251754
r_1021	2.14824852868471	0.903674647200084	3.0519231758848
r_1022	3.69213066393953	0	3.69213066393953
r_1023	0	0	0
r_1024	0	0	0
r_1025	0.515797892900487	0	0.515797892900487
r_1026	0.577209714892285	0	0.577209714892285
r_1027	0.100654697078517	0.00966654974983552	0.110321246828352
r_1028	0	0	0
r_1029	0	0	0
r_1030	0	0	0
r_1031	0	0	0
r_1032	0	0	0
r_1033	0	0	0
r_1034	0	0	0
r_1035	0	0	0
r_1038	0.567543165142416	0.0099259070623689	0.577469072204785
r_1039	0	0	0
r_1041	0.121084298020088	0.0087934275	0.129877725520088
r_1042	0.000450944999999999	0.0087934275	0.0092443725
r_1043	0	0	0
r_1045	0.0426173372084342	6.38834625e-05	0.0426812206709342
r_1047	0	0	0
r_1048	0.214088999412461	0	0.214088999412461
r_1049	0.682854938436043	0	0.682854938436043
r_1050	-126.891680506402	0	-126.891680506402
r_1051	0.983320162059758	0	0.983320162059758
r_1054	0.0710244369555295	0.260403211427298	0.331427648382828
r_1055	0.0411769215320887	0.004713262125	0.0458901836570887
r_1056	0.0411769215318839	0	0.0411769215318839
r_1057	0.00024170575	0.004713262125	0.004954967875
r_1063	0.00649023375001434	0	0.00649023375001434
r_1065	0	0	0
r_1066	0.000332832499999999	0.00649023375	0.00682306625
r_1067	0	0	0
r_1068	0	0	0
r_1069	0	0	0
r_1070	0	0	0
r_1071	-1000	0	-1000
r_1072	2.56244741882563	0.000329659687295428	2.56277707851292
r_1073	0	0	0
r_1074	0	0	0
r_1075	0.539884624066884	0	0.539884624066884
r_1076	0	0	0
r_1077	5.89407327229965	0	5.89407327229965
r_1078	5.89289361515598	0	5.89289361515598
r_1079	1.53746845129395	0	1.53746845129395
r_1080	1.53746845129559	0	1.53746845129559
r_1081	2.75008460448589e-09	5.36249444849091e-08	5.6375029089395e-08
r_1082	0	0	0
r_1083	2.75008460448589e-09	5.36249444849091e-08	5.6375029089395e-08
r_1084	999.039082217939	-998.982959150939	0.0561230669999304
r_1085	2.5624474188238	0	2.5624474188238
r_1086	2.5624474188235	0	2.5624474188235
r_1087	0	0	0
r_1088	-0.0914818905641737	-0.00891247499998826	-0.100394365564162
r_1089	0.000457049999999999	0.008912475	0.009369525
r_1090	0	0	0
r_1091	0	0	0
r_1092	3.18000000000211	0	3.18000000000211
r_1093	2.54400000000169	0	2.54400000000169
r_1094	0.0827174794283477	0.553282520572074	0.636000000000422
r_1095	0	0	0
r_1096	0.039502560863184	-0.039502560863184	0
r_1097	0	0	0
r_1099	-0.0647065909795401	0.0727814434795846	0.00807485250004447
r_1100	0	0	0
r_1101	0	0	0
r_1102	0	0	0
r_1103	0	0	0
r_1104	0	0	0
r_1106	-5.09592368302947e-14	-0.844	-0.844000000000051
r_1107	0	0	0
r_1108	0	0	0
r_1110	4.24192408764557	10.5386303589566	14.7805544466021
r_1111	0	0	0
r_1112	3.09379751844063	0	3.09379751844063
r_1113	0	0	0
r_1114	0	0	0
r_1115	0.227651795951488	0	0.227651795951488
r_1116	0.0723949206742418	0	0.0723949206742418
r_1118	1000	0	1000
r_1119	0	0	0
r_1120	2.63908047775159	0	2.63908047775159
r_1121	0	0	0
r_1122	0	0	0
r_1123	0	0	0
r_1124	0	0	0
r_1125	200.027567389098	0	200.027567389098
r_1129	0.0432409157530339	-1.17827969603468e-12	0.0432409157518556
r_1130	0.857152710517266	0	0.857152710517266
r_1131	0.771437439466126	0	0.771437439466126
r_1133	0	0	0
r_1134	0	0	0
r_1135	0	0	0
r_1136	0	0	0
r_1137	1.18486398738389	0	1.18486398738389
r_1138	-1.18486398738389	0	-1.18486398738389
r_1139	0	0	0
r_1146	0	0	0
r_1147	0	0	0
r_1149	0	0	0
r_1151	0	0	0
r_1161	0	0	0
r_1165	0	0	0
r_1166	0	0	0
r_1167	0	0	0
r_1168	-2.56244741882599	0	-2.56244741882599
r_1171	200.027567389006	0	200.027567389006
r_1172	200.027567389006	0	200.027567389006
r_1173	-0.00467088349432743	0	-0.00467088349432743
r_1174	0	0	0
r_1175	1.92183556411877	0	1.92183556411877
r_1176	0	0	0
r_1177	0	0	0
r_1178	2.75008460448589e-09	5.36249444849091e-08	5.6375029089395e-08
r_1179	2.75008460448589e-09	5.36249444849091e-08	5.6375029089395e-08
r_1180	0	0	0
r_1181	0	0	0
r_1182	0	0	0
r_1183	-0.142057790693798	0	-0.142057790693798
r_1184	-0.00559668356345355	0	-0.00559668356345355
r_1186	0.960917782060278	-0.960917782060278	0
r_1187	502.562447418824	0	502.562447418824
r_1188	502.562447418824	0	502.562447418824
r_1189	0	0	0
r_1190	-0.106543343020803	0	-0.106543343020803
r_1191	0	0	0
r_1192	-2000	1000	-1000
r_1193	0	0	0
r_1194	4.20397570607969	0.0266730749999624	4.23064878107966
r_1195	0	0	0
r_1196	-3000.08523467442	1000	-2000.08523467442
r_1197	502.562447418824	0	502.562447418824
r_1198	502.562447418824	0	502.562447418824
r_1199	1000	-1000	0
r_1200	0	0	0
r_1201	999.928971104653	0	999.928971104653
r_1203	502.562447418823	0	502.562447418823
r_1204	502.562447418823	0	502.562447418823
r_1205	3000	-2000	1000
r_1206	0	0	0
r_1207	0	0	0
r_1209	502.562447418823	0	502.562447418823
r_1210	502.562447418823	0	502.562447418823
r_1211	1999.93960718175	-1000	999.939607181754
r_1212	0	0	0
r_1213	-0.06470659097913	0	-0.06470659097913
r_1214	1999.93960718175	-1000	999.939607181753
r_1215	-0.0452946136852134	0	-0.0452946136852134
r_1216	-0.0823538430645385	0	-0.0823538430645385
r_1217	-0.142057790693798	0	-0.142057790693798
r_1218	-0.106543343020059	0	-0.106543343020059
r_1219	-0.0387430338255399	0	-0.0387430338255399
r_1221	502.562447418823	0	502.562447418823
r_1222	502.562447418823	0	502.562447418823
r_1223	-0.0473525968973263	0	-0.0473525968973263
r_1224	-0.0754910228083645	0	-0.0754910228083645
r_1225	0	0	0
r_1226	1.05712134874258	0	1.05712134874258
r_1227	0	0	0
r_1229	0	0	0
r_1230	0	0	0
r_1231	1.03738198586889e-12	-1.03738198586889e-12	0
r_1232	0	0	0
r_1235	0	0	0
r_1236	0.00870024606194875	0	0.00870024606194875
r_1237	0.091040020564326	0.00888029999998707	0.0999203205643131
r_1238	-0.0823538430649933	0	-0.0823538430649933
r_1239	1.05712134874216	0	1.05712134874216
r_1241	-0.0310215799090656	0	-0.0310215799090656
r_1242	0	0	0
r_1244	1000	0	1000
r_1245	6.97120098033454	7.57451578868663	14.5457167690212
r_1249	2000	-1000	1000
r_1250	0	0	0
r_1251	-0.082353843063629	0	-0.082353843063629
r_1252	-1000	1000	0
r_1253	0	0	0
r_1254	999.998512525663	0	999.998512525663
r_1255	0	0	0
r_1256	0	0	0
r_1257	0	0	0
r_1258	0	0	0
r_1260	0	0	0
r_1261	0	0	0
r_1262	0	0	0
r_1263	-4000	2000	-2000
r_1264	0.836427827236121	0	0.836427827236121
r_1265	1.0345667622489	0	1.0345667622489
r_1266	0.56754316514245	0.0107390497498355	0.578282214892285
r_1267	0.567543165142285	0	0.567543165142285
r_1268	0	0	0
r_1270	0	0	0
r_1271	0	0	0
r_1272	0	0	0
r_1273	0	0	0
r_1274	0	0	0
r_1275	0	0	0
r_1276	0	0	0
r_1277	0	0	0
r_1278	0	0	0
r_1542	0	0	0
r_1543	0	0	0
r_1545	0	0	0
r_1546	0	0	0
r_1547	0.039502560862843	0	0.039502560862843
r_1548	0.0452946136852006	0	0.0452946136852006
r_1549	0	0	0
r_1550	0.0647065909791991	0	0.0647065909791991
r_1551	0	0	0
r_1552	0.106543343019894	0	0.106543343019894
r_1553	0	0	0
r_1560	0	0	0
r_1562	-0.96428263945802	0.96428263945802	0
r_1563	0	0	0
r_1565	0	0	0
r_1567	0	0	0
r_1568	0	0	0
r_1572	0.060392818247692	0	0.060392818247692
r_1573	0	0	0
r_1574	-0.073834638479394	0	-0.073834638479394
r_1575	-0.0603928182467826	0.0603928182467826	0
r_1576	-0.060392818246734	0	-0.060392818246734
r_1577	0.0647065909795401	0	0.0647065909795401
r_1578	0.0647065909795401	0	0.0647065909795401
r_1579	-0.0603928182467826	0.0603928182467826	0
r_1580	0.060392818247692	0	0.060392818247692
r_1582	0	0	0
r_1583	0	0	0
r_1585	-0.00630201000001307	0	-0.00630201000001307
r_1586	0.085234674416256	0	0.085234674416256
r_1587	0	0	0
r_1588	0	0	0
r_1589	0	0	0
r_1590	0	0	0
r_1591	0	0	0
r_1595	0	0	0
r_1596	-0.000534614437810887	0	-0.000534614437810887
r_1597	0.0647065909787443	-0.0647065909787443	0
r_1598	0.0647065909794264	0	0.0647065909794264
r_1599	0	0	0
r_1600	0	0	0
r_1601	0	0	0
r_1604	0.0608819102981215	0	0.0608819102981215
r_1605	0	0	0
r_1606	0	0	0
r_1607	0	0	0
r_1608	0	0	0
r_1609	0	0	0
r_1610	0	0	0
r_1611	0	0	0
r_1621	0	0	0
r_1622	0	-4.28999555879273e-07	-4.28999555879273e-07
r_1625	0	0	0
r_1627	0	0	0
r_1628	0	0	0
r_1629	0	0	0
r_1630	0	0	0
r_1631	0.18117845474228	0	0.18117845474228
r_1632	0	0	0
r_1633	0	0	0
r_1634	0.034	-0.878	-0.844
r_1635	0	0	0
r_1637	0	0	0
r_1638	0.523010716001999	0	0.523010716001999
r_1639	0	0	0
r_1640	0	0	0
r_1641	0.0426173372083025	0	0.0426173372083025
r_1642	0	0	0
r_1643	0	0	0
r_1644	0	0	0
r_1645	0	0	0
r_1647	-0.448615775805563	0	-0.448615775805563
r_1648	0	0	0
r_1649	0	0	0
r_1650	0.0355144476733358	0	0.0355144476733358
r_1651	0.0710288953483769	0	0.0710288953483769
r_1652	0	0	0
r_1654	0.724570356470394	-0.952208726254753	-0.227638369784358
r_1656	0	0	0
r_1657	0	0	0
r_1658	0	0	0
r_1659	-0.448615775805563	0	-0.448615775805563
r_1660	2.56244741882827	0	2.56244741882827
r_1661	0	0	0
r_1667	-0.340116353232336	0.340116353232336	0
r_1669	0	0	0
r_1671	0	0	0
r_1672	0.2828	2.6866	2.9694
r_1673	0.523010716001999	0	0.523010716001999
r_1674	0.523010716002178	0	0.523010716002178
r_1675	0	0	0
r_1676	0	0	0
r_1677	0	0	0
r_1678	0	0	0
r_1679	0	0	0
r_1680	0	0	0
r_1681	0	0	0
r_1683	0.0647065909792921	0	0.0647065909792921
r_1684	0	0	0
r_1686	0	0	0
r_1687	0.0710288953475811	0	0.0710288953475811
r_1688	0	0	0
r_1689	-0.553327793836843	0.553327793836843	0
r_1691	0	0	0
r_1694	0	0	0
r_1695	0	0	0
r_1696	0.857878756295238	-1.65204423821706	-0.794165481921823
r_1697	-1.33226762955019e-15	2.6866	2.6866
r_1698	0	0	0
r_1699	0	0	0
r_1700	0.0705574147048879	0	0.0705574147048879
r_1702	0	0	0
r_1703	2.56245919444059	0.000304019389228799	2.56276321382981
r_1704	-0.0427421547582298	0	-0.0427421547582298
r_1705	0	0	0
r_1706	0	0	0
r_1707	0	0	0
r_1708	0	0	0
r_1709	0	0	0
r_1710	0	0	0
r_1711	0	0	0
r_1712	0	0	0
r_1713	0	0	0
r_1714	0	0	0
r_1715	0	0	0
r_1716	0	0	0
r_1717	0	0	0
r_1718	0.004	-0.636	-0.632
r_1719	0	0	0
r_1720	0	0	0
r_1721	0	0	0
r_1726	0	0	0
r_1727	0.0323532954896564	0	0.0323532954896564
r_1728	0	0	0
r_1729	1.53740278211717	0	1.53740278211717
r_1733	0	0	0
r_1737	0	0	0
r_1738	0	0	0
r_1743	0	0	0
r_1745	0	0	0
r_1746	0	0	0
r_1747	-1.25930357626203e-05	0	-1.25930357626203e-05
r_1748	-3.38173499619954e-14	-0.001238254875	-0.00123825487503382
r_1749	0.0426173372084122	0	0.0426173372084122
r_1750	0	0	0
r_1751	0	0	0
r_1752	0	0	0
r_1753	0.00579639978321314	0	0.00579639978321314
r_1754	0	0.000629718374966615	0.000629718374966615
r_1757	0.00573638567108255	0	0.00573638567108255
r_1758	0	0	0
r_1759	0	0	0
r_1760	0	0	0
r_1761	0.15098204562139	0	0.15098204562139
r_1762	0	0	0
r_1763	0	0	0
r_1764	0	0	0
r_1765	0	0	0
r_1766	-5.55150909336967e-14	5.3625e-08	5.36249444849091e-08
r_1770	0	0	0
r_1774	-0.00870024606194875	0	-0.00870024606194875
r_1775	0	0	0
r_1788	0.00579639978604973	0	0.00579639978604973
r_1790	0	0	0
r_1791	0	0	0
r_1793	0.116406374965209	0	0.116406374965209
r_1794	0.126199788064114	0	0.126199788064114
r_1795	0	0	0
r_1796	0	0	0
r_1798	0.106543343021011	0	0.106543343021011
r_1800	0	0	0
r_1801	0	0	0
r_1802	0	0	0
r_1803	0	0	0
r_1805	0	0	0
r_1806	0	0	0
r_1807	0	0	0
r_1808	0.129413181957029	0	0.129413181957029
r_1809	0	0	0
r_1810	0.213086686040469	0	0.213086686040469
r_1811	-4.28999555879273e-07	4.28999555879273e-07	0
r_1812	0	0	0
r_1813	0	0	0
r_1814	0	0	0
r_1815	0.213086686042107	0	0.213086686042107
r_1816	0	0	0
r_1817	0	0	0
r_1818	0	0	0
r_1819	0	0	0
r_1820	0	0	0
r_1822	0	0	0
r_1823	0	0	0
r_1824	200.027567390431	0	200.027567390431
r_1825	0	2.11818748994119e-05	2.11818748994119e-05
r_1826	0	0	0
r_1827	-6.29651788131014e-06	0	-6.29651788131014e-06
r_1829	-2.56244741882827	0	-2.56244741882827
r_1830	-8.81512503383419e-05	0	-8.81512503383419e-05
r_1831	994.875105162353	0	994.875105162353
r_1832	200.888713976665	-200.029170542287	0.859543434377883
r_1833	0	0	0
r_1835	0	0	0
r_1836	0	0	0
r_1837	0	0	0
r_1838	0.842280572310662	0.00807485249993989	0.850355424810602
r_1839	0	0	0
r_1840	0	0	0
r_1841	0	0	0
r_1842	0	0	0
r_1843	0.0411769215320887	0	0.0411769215320887
r_1844	0	0	0
r_1845	0	0	0
r_1846	0	0	0
r_1847	0	0	0
r_1848	0	0	0
r_1849	0	0	0
r_1851	0	0	0
r_1852	0	0	0
r_1853	0	0	0
r_1854	0	0	0
r_1855	0	0	0
r_1856	0	0	0
r_1857	0	0	0
r_1858	0	0	0
r_1859	0	0	0
r_1860	0	0	0
r_1861	2.75008460448589e-09	-5.6375029089395e-08	-5.36249444849091e-08
r_1862	0	0	0
r_1863	0	0	0
r_1864	0	0	0
r_1865	0.0603928182470099	0	0.0603928182470099
r_1866	0.0754910228090466	0	0.0754910228090466
r_1867	0	0	0
r_1868	0	0	0
r_1869	0	0	0
r_1870	0.0823538430642988	0	0.0823538430642988
r_1873	0.142057790693565	0	0.142057790693565
r_1874	3.84710420073694	0	3.84710420073694
r_1875	0.082353843063288	0	0.082353843063288
r_1876	0	0	0
r_1877	0	0	0
r_1878	0	0	0
r_1879	0.0710288953470126	0	0.0710288953470126
r_1880	0.106543343020121	0	0.106543343020121
r_1881	0.106543343020803	0	0.106543343020803
r_1882	2.6390804777506	0	2.6390804777506
r_1883	0.100654697078188	0	0.100654697078188
r_1884	0	0	0
r_1885	0	0	0
r_1886	0	0	0
r_1887	-0.0823538430640838	0.0910400205640371	0.00868617749995337
r_1889	0.085234674416744	0	0.085234674416744
r_1890	0	0	0
r_1891	0.0852346744159149	0	0.0852346744159149
r_1892	0	0	0
r_1893	0.0710288953470126	0	0.0710288953470126
r_1895	0	0	0
r_1896	0.106543343020897	0	0.106543343020897
r_1897	0.0603928182466689	0	0.0603928182466689
r_1898	1.11930495749118	0	1.11930495749118
r_1899	0.0603928182463662	0	0.0603928182463662
r_1900	0.06470659097913	0	0.06470659097913
r_1901	0	0	0
r_1902	0.0603928182467196	0	0.0603928182467196
r_1903	0.0452946136852134	0	0.0452946136852134
r_1904	0.0823538430643131	0	0.0823538430643131
r_1905	0	0	0
r_1906	0.142057790693912	0	0.142057790693912
r_1907	0	0	0
r_1908	0	0	0
r_1909	0	0	0
r_1910	0	0	0
r_1911	0.106543343020059	0	0.106543343020059
r_1912	0.0387430338254989	0	0.0387430338254989
r_1913	0.0473525968978947	0	0.0473525968978947
r_1914	0.07549102280848	0	0.07549102280848
r_1915	0.00641356111755093	0	0.00641356111755093
r_1919	0	0	0
r_1920	0	0	0
r_1921	0	0	0
r_1922	0	0	0
r_1923	0	0	0
r_1924	0	0	0
r_1925	0	0	0
r_1926	0	0	0
r_1927	0	0	0
r_1928	0	0	0
r_1929	0	0	0
r_1930	0.000188895536439304	0	0.000188895536439304
r_1931	0	0	0
r_1932	-3.38173499619954e-14	-0.001238254875	-0.00123825487503382
r_1935	0	0	0
r_1937	0	0	0
r_1938	0	0	0
r_1939	0	0	0
r_1940	0	0	0
r_1941	0	0	0
r_1942	0	0	0
r_1943	0	0	0
r_1944	0	0	0
r_1945	0	0	0
r_1946	0	0	0
r_1947	0	0	0
r_1963	0	-0.00125943674993323	-0.00125943674993323
r_1964	0	0.00125943674993323	0.00125943674993323
r_1965	0.0064869793153376	-0.0064869793153376	0
r_1966	0	0	0
r_1967	0	0	0
r_1968	0	0	0
r_1970	0	0	0
r_1971	0	0	0
r_1972	0	0	0
r_1976	2.6390804777506	0	2.6390804777506
r_1977	0	0.000629718374966615	0.000629718374966615
r_1978	-0.00690155633200629	2.18406702981955	2.17716547348755
r_1979	2.08721928629529e-14	2.387825	2.38782500000002
r_1980	4.4075625169171e-05	0	4.4075625169171e-05
r_1981	0	0	0
r_1987	0.0823538430640982	0	0.0823538430640982
r_1988	0	0	0
r_1989	0.106543343021174	0	0.106543343021174
r_1990	0	0	0
r_1991	0	0	0
r_1992	0.25135	-2.639175	-2.387825
r_1993	0.0196933102978392	0	0.0196933102978392
r_1994	0.0201309394157079	0	0.0201309394157079
r_1995	0	0	0
r_1996	0	0	0
r_1998	0	0	0
r_1999	0	0	0
r_2001	0	0	0
r_2002	0	0	0
r_2003	0	0	0
r_2004	0	0	0
r_2005	0.127865675478233	-0.129455236266836	-0.00158956078860228
r_2008	0	0	0
r_2020	0	0	0
r_2022	0	5.36249444849091e-08	5.36249444849091e-08
r_2023	0	0	0
r_2024	0.0823538430639701	0	0.0823538430639701
r_2025	0	0	0
r_2028	0	0	0
r_2029	0	0	0
r_2030	2.7225e-06	5.308875e-05	5.581125e-05
r_2032	0	0	0
r_2033	0.14205779069357	0	0.14205779069357
r_2034	1.18486398738392	0	1.18486398738392
r_2036	0	0	0
r_2037	0	0	0
r_2038	0	0	0
r_2039	0	0	0
r_2040	0	0	0
r_2041	0	0	0
r_2042	0	0	0
r_2043	0	0	0
r_2044	0	0	0
r_2045	0	0	0
r_2046	0	0	0
r_2049	0	0	0
r_2051	0	0	0
r_2052	0	0	0
r_2053	0	0.000629718374966615	0.000629718374966615
r_2054	-0.00641356111748337	0.00704327949244998	0.000629718374966615
r_2055	0.0174210052634862	0	0.0174210052634862
r_2056	0.106543343020576	0	0.106543343020576
r_2057	0	0	0
r_2058	0	0	0
r_2060	0.567543165141501	-0.578282214891374	-0.0107390497498727
r_2061	0.567543165142285	0	0.567543165142285
r_2062	0	0	0
r_2063	0	0	0
r_2066	0	0	0
r_2067	0	0	0
r_2068	0	0	0
r_2072	0.0792475459787485	0	0.0792475459787485
r_2079	0	-1000	-1000
r_2080	0	0	0
r_2082	0	0	0
r_2083	0.039386620595792	0	0.039386620595792
r_2084	0	0	0
r_2085	0	0	0
r_2086	0	0	0
r_2087	0	0	0
r_2089	0	0	0
r_2090	0	0	0
r_2091	0.350772808515938	0	0.350772808515938
r_2092	0	0	0
r_2093	1.17371390384591e-14	-0.008912475	-0.00891247499998826
r_2094	-0.000629718374966615	0	-0.000629718374966615
r_2095	0	0	0
r_2096	0.0111153684083867	-11.0501044776062	-11.0389891091978
r_2097	0	0	0
r_2098	0.562533855889574	0	0.562533855889574
r_2099	0.960917782059682	0	0.960917782059682
r_2100	200.581857066696	1.97782432693361	202.559681393629
r_2101	0	0	0
r_2104	0.0823538430629469	0	0.0823538430629469
r_2105	0	0	0
r_2106	0.00628140242781683	0	0.00628140242781683
r_2107	0.00213478373984799	0	0.00213478373984799
r_2108	0.00275	0.053625	0.056375
r_2111	0.00275	0.053625	0.056375
r_2112	0	0	0
r_2115	1000	0	1000
r_2116	0.882389170992078	0	0.882389170992078
r_2117	270.234722106658	0	270.234722106658
r_2118	0.0411769215320887	0	0.0411769215320887
r_2119	-243.663878564599	0	-243.663878564599
r_2125	0.00093815800530173	-0.00093815800530173	0
r_2126	2.5624474188263	0	2.5624474188263
r_2129	7.68734225646993	0	7.68734225646993
r_2131	0.126199788063905	0	0.126199788063905
r_2132	1000	0	1000
r_2134	0.00627774478959964	0	0.00627774478959964
r_2136	0	0	0
r_2137	0.00574816939115408	0	0.00574816939115408
r_2139	0	0	0
r_2140	0.0928915110847019	0	0.0928915110847019
r_2141	0.0813251583883056	0.0226330712325743	0.10395822962088
r_2168	0	0	0
r_2169	0	0	0
r_2170	0	0	0
r_2171	0	0	0
r_2172	0	0	0
r_2173	0	0	0
r_2174	0	0	0
r_2175	0	0	0
r_2176	0	0	0
r_2177	0	0	0
r_2178	0	0	0
r_2179	0	0	0
r_2180	0	0	0
r_2181	0	0	0
r_2182	0.0201309394156635	0	0.0201309394156635
r_2183	0.017762593602071	0.0209060970096126	0.0386686906116837
r_2185	0	0	0
r_2187	0	0	0
r_2188	0	0	0
r_2189	0.0177625936020149	0	0.0177625936020149
r_2190	0	0	0
r_2191	0	0	0
r_2192	0	0	0
r_2219	0	0	0
r_2220	0	0	0
r_2221	0.0705574147049033	0	0.0705574147049033
r_2222	0	0	0
r_2223	0.0705262250881434	0	0.0705262250881434
r_2224	0.0705560535397315	0	0.0705560535397315
r_2225	0	0	0
r_2226	0	0	0
r_2227	0	0	0
r_2228	0	0	0
r_2229	0	0	0
r_2230	0	0	0
r_2231	-0.0705560535396899	0	-0.0705560535396899
r_2236	0.0703167319861921	0	0.0703167319861921
r_2237	0.0703167319861921	0	0.0703167319861921
r_2238	0.0703167319861921	0	0.0703167319861921
r_2239	0	0	0
r_2240	0	0	0
r_2241	0	0	0
r_2242	0	0	0
r_2243	0	0	0
r_2244	0	0	0
r_2245	0	0	0
r_2246	0	0	0
r_2247	0	0	0
r_2248	0.0703167319861921	0	0.0703167319861921
r_2249	0.0723949206742418	0	0.0723949206742418
r_2250	0.0723949206742418	0	0.0723949206742418
r_2251	0.0723949206742418	0	0.0723949206742418
r_2252	0.074739011721325	0	0.074739011721325
r_2253	0	0	0
r_2254	0.0703167319861921	0	0.0703167319861921
r_2255	0.0703167319861921	0	0.0703167319861921
r_2256	0.0703167319861921	0	0.0703167319861921
r_2257	0	0	0
r_2258	0	0	0
r_2259	0	0	0
r_2260	0	0	0
r_2261	0	0	0
r_2262	0	0	0
r_2263	0	0	0
r_2264	0	0	0
r_2265	0	0	0
r_2266	0.0703167319861921	0	0.0703167319861921
r_2267	0.0723949206742418	0	0.0723949206742418
r_2268	0.0723949206742418	0	0.0723949206742418
r_2269	0.074739011721325	0	0.074739011721325
r_2270	0	0	0
r_2271	0.0703167319861921	0	0.0703167319861921
r_2272	0.0703167319861921	0	0.0703167319861921
r_2273	0.0703167319861921	0	0.0703167319861921
r_2274	0	0	0
r_2275	0	0	0
r_2276	0	0	0
r_2277	0	0	0
r_2278	0	0	0
r_2279	0	0	0
r_2280	0	0	0
r_2281	0	0	0
r_2282	0	0	0
r_2283	0.0703167319861921	0	0.0703167319861921
r_2284	0.0703167319861921	0	0.0703167319861921
r_2285	0.140633463972287	0	0.140633463972287
r_2286	0	0	0
r_2287	0	0	0
r_2288	0	0	0
r_2289	0	0	0
r_2290	0	0	0
r_2291	0	0	0
r_2292	0	0	0
r_2293	0	0	0
r_2294	0	0	0
r_2303	0	0	0
r_2304	0	0	0
r_2305	2.19862203984951	0	2.19862203984951
r_2316	0.0816190103476921	0	0.0816190103476921
r_2318	0.0683274774625071	0	0.0683274774625071
r_2320	0.0806676441918382	0	0.0806676441918382
r_2322	0.0672153714353258	0	0.0672153714353258
r_2328	0.0806676441918382	0	0.0806676441918382
r_2330	0.0672153714353258	0	0.0672153714353258
r_2340	0.0994656689364145	0	0.0994656689364145
r_2342	0.0718699886891311	0	0.0718699886891311
r_2353	2.57088179123866	0	2.57088179123866
r_2357	2.56408428895601	0	2.56408428895601
r_2425	0.110675832653412	0	0.110675832653412
r_2429	0.109653233362718	0	0.109653233362718
r_2444	0.856972994424299	0	0.856972994424299
r_2468	0.0648954528952081	0	0.0648954528952081
r_2470	0.0648922989001384	0	0.0648922989001384
r_2484	0.0650152589417479	0	0.0650152589417479
r_2486	0.06507585461677	0	0.06507585461677
r_2540	0.856966706543641	0	0.856966706543641
r_2546	0.856966706543641	0	0.856966706543641
r_2576	6.61033607681756e-06	0	6.61033607681756e-06
r_2600	6.61033607681756e-06	0	6.61033607681756e-06
r_2704	6.28829002380371e-06	0	6.28829002380371e-06
r_2813	6.82193150422434e-07	1.25757613168724e-05	1.32579544672949e-05
r_2817	0	0	0
r_2824	2.56244741883003	0	2.56244741883003
r_2826	2.56244741883151	0	2.56244741883151
r_2832	0	0	0
r_2834	0	0	0
r_2840	2.5624474188291	0	2.5624474188291
r_2842	2.56244741882722	0	2.56244741882722
r_2848	1.28122370941397	0	1.28122370941397
r_2850	1.28122370941402	0	1.28122370941402
r_2856	0.000141235545428535	0	0.000141235545428535
r_2858	0.000141235545429539	0	0.000141235545429539
r_2864	1.28122370941397	0	1.28122370941397
r_2866	1.28122370941402	0	1.28122370941402
r_2872	2.56244741883305	0	2.56244741883305
r_2874	2.56244741882721	0	2.56244741882721
r_2880	2.56258865202674	0	2.56258865202674
r_2882	2.56258864600498	0	2.56258864600498
r_3038	0	0	0
r_3040	0	0	0
r_3042	0	0	0
r_3044	0	0	0
r_3050	0	0	0
r_3052	0	0	0
r_3054	0	0	0
r_3056	0	0	0
r_3062	0	0	0
r_3064	0	0	0
r_3066	0	0	0
r_3068	0	0	0
r_3074	0	0	0
r_3076	0	0	0
r_3078	0	0	0
r_3080	0	0	0
r_3094	0	0	0
r_3096	0	0	0
r_3102	0.856960597082398	0	0.856960597082398
r_3108	0.361862917099293	0	0.361862917099293
r_3110	0.36185326455353	0	0.36185326455353
r_3116	0.000141233196157743	0	0.000141233196157743
r_3118	0.000141227177936824	0	0.000141227177936824
r_3140	0.000141235545428535	0	0.000141235545428535
r_3142	0.000141235545429539	0	0.000141235545429539
r_3148	2.56244741883003	0	2.56244741883003
r_3150	2.56244741882787	0	2.56244741882787
r_3172	2.5624474188291	0	2.5624474188291
r_3174	2.56244741882722	0	2.56244741882722
r_3180	0.000141233196157743	0	0.000141233196157743
r_3182	0.000141227177936824	0	0.000141227177936824
r_3196	2.56244741883305	0	2.56244741883305
r_3198	2.56244741882721	0	2.56244741882721
r_3220	2.56244741883058	0	2.56244741883058
r_3222	2.56244741882704	0	2.56244741882704
r_3228	2.56244741882668	0	2.56244741882668
r_3230	2.56244741882668	0	2.56244741882668
r_3244	0.11030930209418	0	0.11030930209418
r_3246	0.0736937643411466	0	0.0736937643411466
r_3252	0.0201309394155975	0	0.0201309394155975
r_3253	0.108673564630789	0	0.108673564630789
r_3254	0.0201309394155964	0	0.0201309394155964
r_3255	0.108673564631581	0	0.108673564631581
r_3256	0.0201309394155723	0	0.0201309394155723
r_3257	0.108673564631661	0	0.108673564631661
r_3258	0.0201309394156635	0	0.0201309394156635
r_3259	0.10867356463165	0	0.10867356463165
r_3260	0.0201309394156233	0	0.0201309394156233
r_3261	0.108673564631498	0	0.108673564631498
r_3262	0.020130939415555	0	0.020130939415555
r_3263	0.108673564631326	0	0.108673564631326
r_3283	0.10867344407119	0	0.10867344407119
r_3291	0.108673444071352	0	0.108673444071352
r_3300	0.07425355853413	0	0.07425355853413
r_3302	0.0666005032396793	0	0.0666005032396793
r_3312	0.10867171460466	0	0.10867171460466
r_3314	0.108671714604636	0	0.108671714604636
r_3328	0.10867171460466	0	0.10867171460466
r_3330	0.108671714604636	0	0.108671714604636
r_3344	2.56244741882668	0	2.56244741882668
r_3346	2.56244741882668	0	2.56244741882668
r_3432	0.964080671714648	0	0.964080671714648
r_3434	0.961531608357517	0	0.961531608357517
r_3440	0.96408067171575	0	0.96408067171575
r_3442	0.961531608357602	0	0.961531608357602
r_3510	0	0	0
r_3511	0	0	0
r_3512	-6.33681977433298e-05	0	-6.33681977433298e-05
r_3513	-0.000449795542863285	0	-0.000449795542863285
r_3514	0	0	0
r_3515	0	0	0
r_3516	0	0	0
r_3517	0	0	0
r_3518	0	0	0
r_3519	-0.0209060970096126	0.0209060970096126	0
r_3520	-1.25757612750022e-05	0	-1.25757612750022e-05
r_3521	0	0	0
r_3522	0	0	0
r_3523	0	0	0
r_3524	0	0	0
r_3525	-0.00846442557612135	0.00846442557612135	0
r_3526	0.0136972322085373	-0.0136972322085373	0
r_3527	0	0	0
r_3528	0.00409857403122608	-0.00409857403122608	0
r_3529	0	0	0
r_3530	0	0	0
r_3531	-1.03882180635395e-13	0.0325386579831859	0.032538657983082
r_3532	-1.03882180635395e-13	0.0325386579831859	0.032538657983082
r_3533	9.70473701400465e-14	-0.032538657983179	-0.032538657983082
r_3534	0	0	0
r_3535	0	0	0
r_3536	0	0	0
r_3537	0	0	0
r_3538	2.57523818401472e-06	0.000496270074947809	0.000498845313131824
r_3539	0	0	0
r_3540	2.57523826613045e-06	-0.000498845313170845	-0.000496270074904714
r_3541	0	0	0
r_3542	0	0	0
r_3543	0	0	0
r_3544	0	0	0
r_3545	9.91871505459115e-06	0.000436205309792858	0.00044612402484745
r_3546	4.40178763664451e-14	5.82838392361753e-05	5.82838392801932e-05
r_3547	-6.28918575204529e-14	0.000306006906220455	0.000306006906157563
r_3548	-5.07953054618149e-14	-0.000306006906220455	-0.00030600690627125
r_3549	0	0	0
r_3550	0	0	0
r_3551	0	0	0
r_3552	0	0	0
r_3553	0.111049134264518	0	0.111049134264518
r_3570	0	0	0
r_3571	0	0	0
r_3572	0	0	0
r_3573	-6.36210288575967e-05	0	-6.36210288575967e-05
r_3574	-1.9548818045223e-05	0	-1.9548818045223e-05
r_3575	0	0	0
r_3576	0	0	0
r_3577	0	0	0
r_3578	0	0	0
r_3579	1.21171336786574e-05	0	1.21171336786574e-05
r_3580	0.0043274370771087	0	0.0043274370771087
r_3581	0.00909923198742035	0	0.00909923198742035
r_3582	0	0	0
r_3583	0	0	0
r_3584	0	0	0
r_3585	6.29651788131014e-06	0	6.29651788131014e-06
r_3586	0	0	0
r_3587	0	0	0
r_3596	0	0	0
r_3597	0	0	0
r_3598	0	0	0
r_3599	0	0	0
r_3600	0	0	0
r_3601	0	0	0
r_3602	0	0	0
r_3603	0	0	0
r_3604	0	0	0
r_3605	0	0	0
r_3606	0	0	0
r_3607	0	0	0
r_3608	0	0	0
r_3609	0	0	0
r_3610	0	0	0
r_3611	0	0	0
r_3612	0	0	0
r_3613	0	0	0
r_3614	0	0	0
r_3615	0	0	0
r_3628	0	0	0
r_3630	0	0	0
r_3648	0	0	0
r_3649	-0.00733064032078801	0	-0.00733064032078801
r_3650	2.76236778518069e-06	0	2.76236778518069e-06
r_3651	2.562447418832	0	2.562447418832
r_3652	-0.000141235525802585	0	-0.000141235525802585
r_3653	0	0	0
r_3658	0	0	0
r_3660	0	0	0
r_3662	0	0	0
r_3663	0	0	0
r_3664	0	0	0
r_3665	0	0	0
r_3666	0	0	0
r_3667	0	0	0
r_3668	-6.28054195022515e-14	1.88636419753086e-05	1.88636419125032e-05
r_3669	8.47406300923411e-05	-8.47406300923411e-05	0
r_3670	0	0	0
r_3671	-4.18702768447245e-14	1.25757613168724e-05	1.25757612750022e-05
r_3678	-4.18702785387904e-14	1.25757613168724e-05	1.25757612750022e-05
r_3679	0	0	0
r_3680	-4.18702785387904e-14	1.25757613168724e-05	1.25757612750022e-05
r_3684	0	0	0
r_3701	0	0	0
r_3703	0	0	0
r_3704	0.103485095849234	0	0.103485095849234
r_3709	0	0	0
r_3711	0	0	0
r_3712	0.107075295513866	0	0.107075295513866
r_3717	0	0	0
r_3718	0	0	0
r_3719	0	0	0
r_3720	0	0	0
r_3721	0	0	0
r_3722	0	0	0
r_3723	0	0	0
r_3724	0	0	0
r_3725	0	0	0
r_3726	0	0	0
r_3727	0	0	0
r_3728	0	0	0
r_3729	0	0	0
r_3730	0	0	0
r_3735	0	0	0
r_3737	0	0	0
r_3743	-0.00332849299527074	0	-0.00332849299527074
r_3745	-0.000447117664571062	0	-0.000447117664571062
r_3747	0	0	0
r_3749	0	0	0
r_3751	2.21198068785233e-08	0	2.21198068785233e-08
r_3753	0	0	0
r_3763	0.856972994424299	0	0.856972994424299
r_3769	0.0648954528952081	0	0.0648954528952081
r_3771	0.0648922989001384	0	0.0648922989001384
r_3785	0	0	0
r_3787	0	0	0
r_3793	-0.96408067171575	0	-0.96408067171575
r_3795	-0.961531608357602	0	-0.961531608357602
r_3801	0	0	0
r_3803	0	0	0
r_3809	0.963939436170322	0	0.963939436170322
r_3811	0.961390372812172	0	0.961390372812172
r_3833	2.57088179123866	0	2.57088179123866
r_3835	2.56408428895601	0	2.56408428895601
r_3841	0.000141235545428535	0	0.000141235545428535
r_3843	0.000141235545429539	0	0.000141235545429539
r_3849	0.064895452894738	0	0.064895452894738
r_3851	0.064892298900046	0	0.064892298900046
r_3873	2.56230618563346	0	2.56230618563346
r_3875	2.56230619165357	0	2.56230619165357
r_3881	0.297052293786895	0	0.297052293786895
r_3883	0.297052293788676	0	0.297052293788676
r_3889	0	0	0
r_3891	0	0	0
r_3897	0	0	0
r_3899	0	0	0
r_3902	0	0	0
r_3927	0	0	0
r_3928	0	0	0
r_3933	1.28122370941397	0	1.28122370941397
r_3935	1.28122370941402	0	1.28122370941402
r_3938	0	0	0
r_3939	0	0	0
r_3940	0	0	0
r_3945	0.000141235545428535	0	0.000141235545428535
r_3947	0.000141235545429539	0	0.000141235545429539
r_3953	0.000141233196157743	0	0.000141233196157743
r_3955	0.000141227177936824	0	0.000141227177936824
r_3957	-4.10749489499928e-06	4.10749489499928e-06	0
r_3958	-2.09351392693952e-14	6.28788065843621e-06	6.28788063750108e-06
r_3959	0	-1.25757612750022e-05	-1.25757612750022e-05
r_3960	-4.18702785387904e-14	1.25757613168724e-05	1.25757612750022e-05
r_3961	2.09351392693952e-14	-6.28788065843621e-06	-6.28788063750108e-06
r_3962	4.18702615981315e-14	-1.25757613168724e-05	-1.25757612750022e-05
r_3987	0	0	0
r_3996	0	0	0
r_4005	0	0	0
r_4038	0	0	0
r_4039	-0.715294135821637	0	-0.715294135821637
r_4040	-5.55150909336967e-14	5.3625e-08	5.36249444849091e-08
r_4041	0.00275	0.053625	0.056375
r_4042	0	0	0
r_4043	0	0	0
r_4044	0	0	0
r_4046	2.56244741882799	0.05	2.61244741882799
r_4047	0.00275	0.053625	0.056375
r_4048	0.00275	0.053625	0.056375
r_4049	0.00275	0.053625	0.056375
r_4050	0.00275	0.053625	0.056375
r_4058	2.43820499999999e-05	0.000475449975	0.000499832025
r_4060	0	0	0
r_4061	0	0	0
r_4062	0	0	0
r_4063	0.00275	0.053625	0.056375
r_4064	0	0	0
r_4065	0.00275	0.053625	0.056375
r_4152	0	0	0
r_4155	0	0	0
r_4156	0	0	0
r_4158	0	0	0
r_4160	0	0	0
r_4165	0	0	0
r_4166	0	0	0
r_4168	0	0	0
r_4169	0	0	0
r_4170	0	0	0
r_4173	0	0	0
r_4174	0	0	0
r_4175	-2000	1000	-1000
r_4176	2000	-1000	1000
r_4177	0	0	0
r_4178	0	0	0
r_4179	0	0	0
r_4180	0	0	0
r_4184	0	0	0
r_4185	2.56244741883073	0	2.56244741883073
r_4186	0	0	0
r_4188	0.446095094732123	0	0.446095094732123
r_4190	0	0	0
r_4193	0	0	0
r_4195	0	0	0
r_4196	0	0	0
r_4197	0	0	0
r_4198	0	0	0
r_4199	0	0	0
r_4200	0	0	0
r_4202	0	0	0
r_4203	0	0	0
r_4204	0	0	0
r_4205	0.784079952637464	0	0.784079952637464
r_4206	0	0	0
r_4207	0	0	0
r_4208	0	0	0
r_4209	0	0	0
r_4211	0	0	0
r_4212	0	0	0
r_4214	0	0	0
r_4215	0	0	0
r_4218	0	0	0
r_4219	0	0	0
r_4220	0	0	0
r_4221	-1845.77018341935	0	-1845.77018341935
r_4222	0	0	0
r_4224	2.56244741882563	0	2.56244741882563
r_4225	0	0	0
r_4226	33.7108970876553	0	33.7108970876553
r_4232	0	0	0
r_4233	0	0	0
r_4236	1000	0	1000
r_4237	0	0	0
r_4243	0	0	0
r_4244	0	0	0
r_4245	0	0	0
r_4246	0	0	0
r_4249	0	0	0
r_4252	0	0	0
r_4256	0	0	0
r_4258	0	0	0
r_4260	0	0	0
r_4261	0	0	0
r_4263	0	0	0
r_4265	0	0	0
r_4266	1.53746845129549	0	1.53746845129549
r_4267	1.53746845129842	0	1.53746845129842
r_4268	1.53746845129249	0	1.53746845129249
r_4269	0	0	0
r_4274	-199.181126035636	0	-199.181126035636
r_4275	0	0	0
r_4276	-2000	1000	-1000
r_4280	0	0	0
r_4281	0	0	0
r_4282	0	0	0
r_4288	0	0	0
r_4308	0	0	0
r_4315	0	0	0
r_4316	0	0	0
r_4317	0	0	0
r_4318	0	0	0
r_4319	0	0	0
r_4326	0	0	0
r_4327	0	0	0
r_4329	0	0	0
r_4330	-0.711922787228104	0	-0.711922787228104
r_4332	0	0	0
r_4333	0	0	0
r_4334	0	0	0
r_4336	0	0	0
r_4337	-58.2515502275938	0	-58.2515502275938
r_4338	0	0	0
r_4491	0	0	0
r_4492	0	0	0
t_0001	1.96579308739499	2.14623588999393	4.11202897738892
t_0003	0	0	0
t_0004	0	0	0
t_0009	0.0824052134945163	0	0.0824052134945163
t_0010	0.072273424950117	0	0.072273424950117
t_0011	0	0	0
t_0012	0	0	0
t_0013	0	0	0
t_0014	0	0	0
t_0015	-0.0824052134943258	0.0824052134943258	0
t_0016	0.072273424950117	0	0.072273424950117
t_0017	0	0	0
t_0018	0	0	0
t_0019	0	0	0
t_0020	0	0	0
t_0021	0.0824052134945163	0	0.0824052134945163
t_0022	0.072273424950117	0	0.072273424950117
t_0023	0	0	0
t_0024	0	0	0
t_0025	0	0	0
t_0026	0	0	0
t_0027	7.05892404756282	0	7.05892404756282
t_0028	0.0824052134943258	0	0.0824052134943258
t_0029	0.0824052134943258	0	0.0824052134943258
t_0030	0	0	0
t_0031	0.0824052134943258	0	0.0824052134943258
t_0032	0	0	0
t_0033	0.0824052134943258	0	0.0824052134943258
t_0034	0.0824052134943258	0	0.0824052134943258
t_0035	0	0	0
t_0036	0.0722734249499126	0	0.0722734249499126
t_0037	0.0824052134943258	0	0.0824052134943258
t_0038	0	0	0
t_0039	0.0824052134943258	0	0.0824052134943258
t_0040	0.164810426989334	0	0.164810426989334
t_0041	0.164810426989334	0	0.164810426989334
t_0042	0	0	0
t_0043	-999.752784359516	0	-999.752784359516
t_0044	0	0	0
t_0045	-999.752784359516	0	-999.752784359516
t_0046	0.164810426989675	0	0.164810426989675
t_0047	0	0	0
t_0048	0	0	0
t_0049	0.164810426989412	0	0.164810426989412
t_0050	0	0	0
t_0051	0.0824052134942121	0	0.0824052134942121
t_0052	6.80664454316726	0	6.80664454316726
t_0053	0.082405213495008	0	0.082405213495008
t_0054	0.237083851939235	0	0.237083851939235
t_0055	0.154678638444942	0	0.154678638444942
t_0056	0	0	0
t_0057	0.23708385193928	0	0.23708385193928
t_0058	2.87540649502216	0	2.87540649502216
t_0059	0.164810426989301	0	0.164810426989301
t_0060	0.164810426989675	0	0.164810426989675
t_0061	0.072273424950117	0	0.072273424950117
t_0062	0	0	0
t_0063	0	0	0
t_0064	41.4091154623487	0	41.4091154623487
t_0065	0.401894278928211	0	0.401894278928211
t_0066	0	0	0
t_0067	0.412026067472593	0	0.412026067472593
t_0068	0	0	0
t_0069	0.247215640483439	0	0.247215640483439
t_0070	0.329620853978014	0	0.329620853978014
t_0071	0	0	0
t_0072	0.216820274850015	0	0.216820274850015
t_0073	0.319489065433928	0	0.319489065433928
t_0074	0	0	0
t_0075	0.412026067472451	0	0.412026067472451
t_0076	0	0	0
t_0081	0	0	0
t_0083	0.0697702009474778	0	0.0697702009474778
t_0084	0.0186438338303405	0	0.0186438338303405
t_0086	0.0618531280923967	0	0.0618531280923967
t_0087	0.0185604939814008	0	0.0185604939814008
t_0090	0.0741177264482958	0	0.0741177264482958
t_0093	0.0675622418751688	0	0.0675622418751688
t_0095	0.114207270263963	0	0.114207270263963
t_0096	0.0741391060110617	0	0.0741391060110617
t_0097	0.964256164840855	0	0.964256164840855
t_0098	0.964244964135813	0	0.964244964135813
t_0100	0.961739625797511	0	0.961739625797511
t_0101	0.961751165466733	0	0.961751165466733
t_0104	0.856975557876455	0	0.856975557876455
t_0106	0.854694762984657	0	0.854694762984657
t_0107	0.854692900150817	0	0.854692900150817
t_0109	0.291546664327232	0	0.291546664327232
t_0110	0.291546664328385	0	0.291546664328385
t_0112	0.291546664325607	0	0.291546664325607
t_0113	0.291546664328174	0	0.291546664328174
t_0116	6.61941620879121e-06	0	6.61941620879121e-06
t_0118	6.62897723364743e-06	0	6.62897723364743e-06
t_0133	6.61033607681756e-06	0	6.61033607681756e-06
t_0134	6.61941620879121e-06	0	6.61941620879121e-06
t_0136	6.62897723364743e-06	0	6.62897723364743e-06
t_0146	6.61941620879121e-06	0	6.61941620879121e-06
t_0148	6.62897723364743e-06	0	6.62897723364743e-06
t_0163	2.56244741882563	0	2.56244741882563
t_0164	2.5624474188297	0	2.5624474188297
t_0166	2.56244741882904	0	2.56244741882904
t_0167	2.56244741882734	0	2.56244741882734
t_0170	0.0732055263438523	0	0.0732055263438523
t_0173	0.0663520646870487	0	0.0663520646870487
t_0176	2.56244741882539	0	2.56244741882539
t_0179	2.56244741882531	0	2.56244741882531
t_0183	0.110675562439532	0	0.110675562439532
t_0186	0.112680596535771	0	0.112680596535771
t_0192	0.109652965645127	0	0.109652965645127
t_0195	0.109652965644628	0	0.109652965644628
t_0204	0.112680871645271	0	0.112680871645271
t_0213	0.109653233362337	0	0.109653233362337
t_0217	0.114207270263963	0	0.114207270263963
t_0218	0.0741391060110617	0	0.0741391060110617
t_0219	0	0	0
t_0220	0	0	0
t_0222	0	0	0
t_0223	0	0	0
t_0225	-0.0630823094718478	0	-0.0630823094718478
t_0226	1.50129908504937e-13	0	1.50129908504937e-13
t_0227	0.0884738924577573	0	0.0884738924577573
t_0228	-0.00365511780753069	0	-0.00365511780753069
t_0230	-0.0621310073235552	0	-0.0621310073235552
t_0231	-0.0149018080815	0	-0.0149018080815
t_0232	0.0989755131338487	0	0.0989755131338487
t_0233	0.0891662603370149	0	0.0891662603370149
t_0235	0.0285419299401301	0	0.0285419299401301
t_0236	0.0012230129889379	0	0.0012230129889379
t_0237	-0.0705560535397315	0	-0.0705560535397315
t_0238	0	0	0
t_0240	0.116236869749669	0	0.116236869749669
t_0241	0.0753624765068711	0	0.0753624765068711
t_0243	0.964083314982255	0	0.964083314982255
t_0246	0.961529512669041	0	0.961529512669041
t_0249	0.964083314981791	0	0.964083314981791
t_0252	0.961529512670091	0	0.961529512670091
t_0254	0	0	0
t_0255	0	0	0
t_0257	0	0	0
t_0260	0	0	0
t_0263	0.0891504382552483	0	0.0891504382552483
t_0266	0.0891504382551739	0	0.0891504382551739
t_0268	0	0	0
t_0269	0	0	0
t_0271	0	0	0
t_0272	0	0	0
t_0274	0.11030930209418	0	0.11030930209418
t_0275	0.0736937643411466	0	0.0736937643411466
t_0276	6.61033607681756e-06	0	6.61033607681756e-06
t_0277	6.61941620879121e-06	0	6.61941620879121e-06
t_0279	6.62897723364743e-06	0	6.62897723364743e-06
t_0283	6.61941620879121e-06	0	6.61941620879121e-06
t_0285	6.62897723364743e-06	0	6.62897723364743e-06
t_0288	0	0	0
t_0289	0	0	0
t_0291	0	0	0
t_0295	2.56244741882539	0	2.56244741882539
t_0298	2.56244741882531	0	2.56244741882531
t_0300	2.57088179123789	0	2.57088179123789
t_0301	2.57088883995422	0	2.57088883995422
t_0303	2.56408428895328	0	2.56408428895328
t_0304	2.56407870045447	0	2.56407870045447
t_0307	2.57088883995863	0	2.57088883995863
t_0310	2.56407870045233	0	2.56407870045233
t_0312	0.000217027149087935	0	0.000217027149087935
t_0313	-0.00403510427989445	0	-0.00403510427989445
t_0315	-0.00454584197197507	0	-0.00454584197197507
t_0330	0.0108182522781699	0	0.0108182522781699
t_0331	0.00964929870842622	0	0.00964929870842622
t_0333	0	0	0
t_0334	0	0	0
t_0337	0	0	0
t_0340	0	0	0
t_0343	0.36178403338029	0	0.36178403338029
t_0346	0.361862817858976	0	0.361862817858976
t_0348	0.0103634467668311	0	0.0103634467668311
t_0349	0.0088385054074646	0	0.0088385054074646
t_0351	0.00166636301495262	0	0.00166636301495262
t_0366	0.0648106233123983	0	0.0648106233123983
t_0367	0.0648106233122481	0	0.0648106233122481
t_0369	0.0648106233123394	0	0.0648106233123394
t_0370	0.064810623312437	0	0.064810623312437
t_0373	0.0891504382552483	0	0.0891504382552483
t_0376	0.0891504382559925	0	0.0891504382559925
t_0379	0	0	0
t_0382	0	0	0
t_0385	0.856962946651474	0	0.856962946651474
t_0387	0.856161248182546	0	0.856161248182546
t_0388	0.854692900150817	0	0.854692900150817
t_0391	0.856969252263964	0	0.856969252263964
t_0393	0.854694762984657	0	0.854694762984657
t_0394	0.854692900150817	0	0.854692900150817
t_0397	0.856969252263964	0	0.856969252263964
t_0399	0.854694762984657	0	0.854694762984657
t_0400	0.854692900150817	0	0.854692900150817
t_0403	0.0001412355454289	0	0.0001412355454289
t_0406	0.000141235545428532	0	0.000141235545428532
t_0409	2.56244741883138	0	2.56244741883138
t_0412	2.56244741883043	0	2.56244741883043
t_0415	0	0	0
t_0418	0	0	0
t_0421	2.56244741882708	0	2.56244741882708
t_0424	2.56244741882934	0	2.56244741882934
t_0427	1.28122370941267	0	1.28122370941267
t_0430	1.28122370941413	0	1.28122370941413
t_0432	0.0648106233123983	0	0.0648106233123983
t_0433	0.0648106233122481	0	0.0648106233122481
t_0435	0.0648106233123394	0	0.0648106233123394
t_0436	0.064810623312437	0	0.064810623312437
t_0438	0.0648106233123983	0	0.0648106233123983
t_0439	0.0648106233122481	0	0.0648106233122481
t_0441	0.0648106233123394	0	0.0648106233123394
t_0442	0.064810623312437	0	0.064810623312437
t_0445	0.000141227177865314	0	0.000141227177865314
t_0448	0.000141227177865856	0	0.000141227177865856
t_0451	2.56244741882961	0	2.56244741882961
t_0454	2.56244741882571	0	2.56244741882571
t_0457	2.56244741882961	0	2.56244741882961
t_0460	2.56244741882571	0	2.56244741882571
t_0463	0.000141227177865314	0	0.000141227177865314
t_0466	0.000141227177865856	0	0.000141227177865856
t_0469	0.0001412355454289	0	0.0001412355454289
t_0472	0.000141235545428532	0	0.000141235545428532
t_0475	2.56244741883108	0	2.56244741883108
t_0478	2.56244741883264	0	2.56244741883264
t_0481	0	0	0
t_0484	0	0	0
t_0487	1.28122370941267	0	1.28122370941267
t_0490	1.28122370941413	0	1.28122370941413
t_0493	2.56244741883108	0	2.56244741883108
t_0496	2.56244741883264	0	2.56244741883264
t_0499	2.56244741882906	0	2.56244741882906
t_0502	2.56244741882949	0	2.56244741882949
t_0504	2.56244741882962	0	2.56244741882962
t_0505	2.56244741883138	0	2.56244741883138
t_0507	2.56244741883151	0	2.56244741883151
t_0508	2.56244741883043	0	2.56244741883043
t_0511	2.56244741882708	0	2.56244741882708
t_0514	2.56244741882934	0	2.56244741882934
t_0517	0	0	0
t_0520	0	0	0
t_0522	0.964138807875215	0	0.964138807875215
t_0523	0.96414233269648	0	0.96414233269648
t_0525	0.961581017650492	0	0.961581017650492
t_0526	0.961578902556333	0	0.961578902556333
t_0529	0.0648954528950079	0	0.0648954528950079
t_0532	0.0648922988997001	0	0.0648922988997001
t_0535	0.0650865697110276	0	0.0650865697110276
t_0538	0.0650763435816063	0	0.0650763435816063
t_0541	0	0	0
t_0544	0	0	0
t_0546	0.0651573062647068	0	0.0651573062647068
t_0547	0.0651577657487283	0	0.0651577657487283
t_0549	0.0651353951855506	0	0.0651353951855506
t_0550	0.0651375320955135	0	0.0651375320955135
t_0557	0.108673444070831	0	0.108673444070831
t_0566	0.1086734440707	0	0.1086734440707
t_0570	0.11030930209418	0	0.11030930209418
t_0571	0.0736937643411466	0	0.0736937643411466
t_0572	-0.11030930209418	0	-0.11030930209418
t_0573	-0.0736937643411466	0	-0.0736937643411466
t_0574	0	0	0
t_0575	0	0	0
t_0577	0	0	0
t_0578	0	0	0
t_0581	2.56230619165351	0	2.56230619165351
t_0584	2.56230619165256	0	2.56230619165256
t_0587	0.963942079436826	0	0.963942079436826
t_0590	0.961388277124663	0	0.961388277124663
t_0593	1.28122370941267	0	1.28122370941267
t_0596	1.28122370941413	0	1.28122370941413
t_0599	0.0001412355454289	0	0.0001412355454289
t_0602	0.000141235545428532	0	0.000141235545428532
t_0605	0	0	0
t_0608	0	0	0
t_0611	0.000141227177865314	0	0.000141227177865314
t_0614	0.000141227177865856	0	0.000141227177865856
t_0616	0	0	0
t_0617	0	0	0
t_0619	0	0	0
t_0620	0	0	0
t_0623	0.0001412355454289	0	0.0001412355454289
t_0626	0.000141235545428532	0	0.000141235545428532
t_0628	1.28122370941397	0	1.28122370941397
t_0629	1.28122370941267	0	1.28122370941267
t_0631	1.28122370941402	0	1.28122370941402
t_0632	1.28122370941413	0	1.28122370941413
t_0634	0	0	0
t_0635	0	0	0
t_0637	0	0	0
t_0638	0	0	0
t_0640	-1.28122370941397	0	-1.28122370941397
t_0641	-1.28122370941267	0	-1.28122370941267
t_0643	-1.28122370941402	0	-1.28122370941402
t_0644	-1.28122370941413	0	-1.28122370941413
t_0647	0	0	0
t_0650	0	0	0
t_0652	2.56244741882962	0	2.56244741882962
t_0653	2.56244741883138	0	2.56244741883138
t_0655	2.56244741883151	0	2.56244741883151
t_0656	2.56244741883043	0	2.56244741883043
t_0658	-0.0315870502090258	0	-0.0315870502090258
t_0659	-0.0289540463922304	0	-0.0289540463922304
t_0661	-0.0406522134864643	0	-0.0406522134864643
t_0662	-0.0408645184809498	0	-0.0408645184809498
t_0665	-0.964083314982255	0	-0.964083314982255
t_0668	-0.961529512670091	0	-0.961529512670091
t_0670	-0.856960597082398	0	-0.856960597082398
t_0671	-0.856962946651474	0	-0.856962946651474
t_0673	-0.854694762984657	0	-0.854694762984657
t_0674	-0.854692900150817	0	-0.854692900150817
t_0676	-2.57088179123866	0	-2.57088179123866
t_0677	-2.57088883995863	0	-2.57088883995863
t_0679	-2.56408428895601	0	-2.56408428895601
t_0680	-2.56407870045233	0	-2.56407870045233
t_0682	0	0	0
t_0683	0	0	0
t_0685	0	0	0
t_0686	0	0	0
t_0688	0	0	0
t_0689	0	0	0
t_0691	0	0	0
t_0692	0	0	0
t_0694	-0.297052293786895	0	-0.297052293786895
t_0695	-0.297052293786968	0	-0.297052293786968
t_0697	-0.297052293788676	0	-0.297052293788676
t_0698	-0.297052293786904	0	-0.297052293786904
t_0701	0	0	0
t_0704	0	0	0
t_0707	0.856975557876455	0	0.856975557876455
t_0709	0.854694762984657	0	0.854694762984657
t_0710	0.854692900150817	0	0.854692900150817
t_0713	2.57088883995863	0	2.57088883995863
t_0716	2.56407870045233	0	2.56407870045233
t_0718	-0.0816190103476921	0	-0.0816190103476921
t_0719	-0.0741114299304387	0	-0.0741114299304387
t_0721	-0.0683274774625071	0	-0.0683274774625071
t_0722	-0.0675622418751688	0	-0.0675622418751688
t_0725	0.297052293786968	0	0.297052293786968
t_0728	0.297052293786904	0	0.297052293786904
t_0731	0	0	0
t_0734	0	0	0
t_0737	0	0	0
t_0740	0	0	0
t_0743	0	0	0
t_0746	0	0	0
t_0749	0.00332849299527074	0	0.00332849299527074
t_0752	0.000447117664571062	0	0.000447117664571062
t_0754	-0.0648954528952081	0	-0.0648954528952081
t_0755	-0.0648954528950079	0	-0.0648954528950079
t_0757	-0.0648922989001384	0	-0.0648922989001384
t_0758	-0.0648922988997001	0	-0.0648922988997001
t_0760	-0.064895452894738	0	-0.064895452894738
t_0761	-0.0648954528948955	0	-0.0648954528948955
t_0763	-0.064892298900046	0	-0.064892298900046
t_0764	-0.0648922988996719	0	-0.0648922988996719
t_0767	0	0	0
t_0770	0	0	0
t_0773	0.0648954528950079	0	0.0648954528950079
t_0776	0.0648922988997001	0	0.0648922988997001
t_0779	0.0648954528948955	0	0.0648954528948955
t_0782	0.0648922988996719	0	0.0648922988996719
t_0787	0	0	0
t_0788	0	0	0
t_0789	0.0965357704261666	0	0.0965357704261666
t_0796	0	0	0
t_0797	0	0	0
t_0798	0.107075295514375	0	0.107075295514375
t_0802	0.11030930209418	0	0.11030930209418
t_0803	0.0736937643411466	0	0.0736937643411466
t_0874	-0.000432219807066758	0	-0.000432219807066758
t_0875	0	0	0
t_0879	0	0	0
t_0880	0	0	0
t_0881	-0.304577205086362	0	-0.304577205086362
t_0882	-0.082353843063271	0	-0.082353843063271
t_0886	0	0	0
t_0887	0	0	0
t_0892	0	0	0
t_0893	0	0	0
t_0898	0	0	0
t_0899	0	0	0
t_0902	0	0	0
t_0903	0	0	0
t_0904	0	0	0
t_0906	0	0	0
t_0907	0	0	0
t_0908	0	0	0
t_0909	0	0	0
t_0910	0	0	0
t_0911	0	0	0
t_0912	0	0	0
t_0913	0	0	0
t_0914	0	0	0
t_0915	0	0	0
t_0916	0	0	0
t_0917	0	0	0
t_0918	0	0	0
t_0919	0	0	0
t_0920	0	0	0
t_0921	0	0	0
t_0922	0	0	0
t_0923	0	0	0
t_0926	0	0	0
t_0927	0	0	0
t_0928	0	0	0
t_0930	0	0	0
t_0931	0	0	0
t_0934	0	0	0
t_0935	0	0	0
t_0936	0	0	0
t_0938	0	0	0
t_0939	0	0	0
t_0940	0	0	0
t_0941	0	0	0
t_0942	0	0	0
t_0943	0	0	0
t_0944	0	0	0
t_0945	0	0	0
t_0946	0	0	0
t_0947	0	0	0
t_0952	2.56244741882535	0	2.56244741882535
t_0953	2.56244741882752	0	2.56244741882752
t_0958	0	0	0
t_0959	0	0	0
t_0964	2.56244741882528	0	2.56244741882528
t_0965	2.56244741882528	0	2.56244741882528
t_0967	0.0181261085277545	0	0.0181261085277545
t_0969	0.0156911808731709	0	0.0156911808731709
t_0971	0.00159788323169325	0	0.00159788323169325
t_0973	0.00159788323169341	0	0.00159788323169341
t_0974	0.0103634246470531	0	0.0103634246470531
t_0975	0.0101829454575872	0	0.0101829454575872
t_0976	0.0103634246470851	0	0.0103634246470851
t_0977	0.0101829454630286	0	0.0101829454630286
t_0979	0.0891518570485764	0	0.0891518570485764
t_0981	0.089151857048578	0	0.089151857048578
t_0983	0.0891518570485764	0	0.0891518570485764
t_0985	0.0891518570486177	0	0.0891518570486177
t_0986	0.108673444071067	0	0.108673444071067
t_0987	0.0891518570485743	0	0.0891518570485743
t_0988	0.108673444071079	0	0.108673444071079
t_0989	0.0891518570484875	0	0.0891518570484875
t_0992	0	0	0
t_0995	0	0	0
t_1000	0	0	0
t_1001	0	0	0
t_1004	0	0	0
t_1007	0	0	0
t_1012	0	0	0
t_1013	0	0	0
t_1018	0	0	0
t_1019	0	0	0
t_1022	0	0	0
t_1025	0	0	0
t_1028	0	0	0
t_1031	0	0	0
t_1034	0	0	0
t_1037	0	0	0
t_1042	0	0	0
t_1043	0	0	0
t_1048	0.108671714604725	0	0.108671714604725
t_1049	0.0891504382552614	0	0.0891504382552614
t_1054	0	0	0
t_1055	0	0	0
t_1058	0	0	0
t_1063	2.56244741882528	0	2.56244741882528
t_1064	2.56244741882528	0	2.56244741882528
t_1069	2.56244741882535	0	2.56244741882535
t_1070	2.56244741882752	0	2.56244741882752
t_1075	0	0	0
t_1076	0	0	0
t_1079	1.37372752062603e-14	0	1.37372752062603e-14
t_1080	0.00172647097544172	0	0.00172647097544172
t_1081	-0.00496082180055109	0	-0.00496082180055109
t_1083	-0.00517533027299518	0	-0.00517533027299518
t_1084	-0.00454584196453942	0	-0.00454584196453942
t_1085	-0.00172625519669994	0	-0.00172625519669994
t_1086	-0.00573253227441527	0	-0.00573253227441527
t_1087	-0.00107227951126079	0	-0.00107227951126079
t_1088	-0.00163546967327803	0	-0.00163546967327803
t_1089	-0.00172625519671318	0	-0.00172625519671318
t_1090	-0.00172647097545244	0	-0.00172647097545244
t_1091	0.00041860866390352	0	0.00041860866390352
t_1092	-0.00172647097544172	0	-0.00172647097544172
t_1097	0.0103634131694007	0	0.0103634131694007
t_1098	0.00964929870098824	0	0.00964929870098824
t_1103	0	0	0
t_1104	0	0	0
t_1109	0	0	0
t_1110	0	0	0
t_1113	1.67400815431762e-14	0	1.67400815431762e-14
t_1114	9.10013021630397e-05	0	9.10013021630397e-05
t_1115	0.010363446766892	0	0.010363446766892
t_1117	-1.67400815431762e-14	0	-1.67400815431762e-14
t_1118	0.00510345673644905	0	0.00510345673644905
t_1119	-0.00517535017064273	0	-0.00517535017064273
t_1120	-0.00183753350390143	0	-0.00183753350390143
t_1121	0.00346013533236488	0	0.00346013533236488
t_1122	-0.00172647097544733	0	-0.00172647097544733
t_1123	-0.00517535017068836	0	-0.00517535017068836
t_1124	-0.0018375335093458	0	-0.0018375335093458
t_1125	0.00346013533234892	0	0.00346013533234892
t_1126	0.0034679870631703	0	0.0034679870631703
t_1131	0	0	0
t_1132	0	0	0
t_1137	0.108671714604725	0	0.108671714604725
t_1138	0.0891504382552614	0	0.0891504382552614
t_1143	0	0	0
t_1144	0	0	0
t_1149	0	0	0
t_1150	0	0	0
t_1155	0	0	0
t_1156	0	0	0
t_1161	0	0	0
t_1162	0	0	0
t_1167	0	0	0
t_1168	0	0	0
t_1173	2.56244741882909	0	2.56244741882909
t_1174	2.56244741882909	0	2.56244741882909
t_1179	0	0	0
t_1180	0	0	0
t_1185	2.56244741883021	0	2.56244741883021
t_1186	2.56244741882746	0	2.56244741882746
t_1191	0	0	0
t_1192	0	0	0
t_1197	0	0	0
t_1198	0	0	0
t_1203	0	0	0
t_1204	0	0	0
t_1209	0	0	0
t_1210	0	0	0
t_1215	2.562447418832	0	2.562447418832
t_1216	2.56244741883115	0	2.56244741883115
t_1221	5.12489483765995	0	5.12489483765995
t_1222	5.1248948376591	0	5.1248948376591
t_1227	0	0	0
t_1228	0	0	0
t_1233	0	0	0
t_1234	0	0	0
t_1239	2.56244741882582	0	2.56244741882582
t_1240	2.56244741882499	0	2.56244741882499
t_1245	0	0	0
t_1246	0	0	0
t_1251	0	0	0
t_1252	0	0	0
t_1257	2.56244741882582	0	2.56244741882582
t_1258	2.56244741882499	0	2.56244741882499
t_1263	2.56244741882909	0	2.56244741882909
t_1264	2.56244741882909	0	2.56244741882909
t_1269	0	0	0
t_1270	0	0	0
t_1275	2.56244741883021	0	2.56244741883021
t_1276	2.56244741882746	0	2.56244741882746
t_1281	0	0	0
t_1282	0	0	0
t_1287	0	0	0
t_1288	0	0	0
t_1293	0	0	0
t_1294	0	0	0
t_1299	0	0	0
t_1300	0	0	0
t_1305	0	0	0
t_1306	0	0	0
t_1311	0	0	0
t_1312	0	0	0
t_1314	0.0891518570485764	0	0.0891518570485764
t_1316	0.089151857048578	0	0.089151857048578
t_1318	0.0891518570485764	0	0.0891518570485764
t_1320	0.0891518570486177	0	0.0891518570486177
t_1321	0.108673444071067	0	0.108673444071067
t_1322	0.0891518570485743	0	0.0891518570485743
t_1323	0.108673444071079	0	0.108673444071079
t_1324	0.0891518570484875	0	0.0891518570484875
t_1325	0.000275386696194226	0	0.000275386696194226
t_1326	0.000276118664306955	0	0.000276118664306955
t_1327	0.000265605982457029	0	0.000265605982457029
t_1328	0.000266286816024567	0	0.000266286816024567
t_1329	0	0	0
t_1330	0	0	0
t_1331	8.90863034304099e-05	0	8.90863034304099e-05
t_1332	8.93376468287777e-05	0	8.93376468287777e-05
t_1333	8.57356410428255e-05	0	8.57356410428255e-05
t_1334	8.5968408531914e-05	0	8.5968408531914e-05
t_1335	0	0	0
t_1336	0	0	0
t_1337	6.33267447972666e-05	0	6.33267447972666e-05
t_1338	6.34799350929297e-05	0	6.34799350929297e-05
t_1339	6.12727540687997e-05	0	6.12727540687997e-05
t_1340	6.14161568763759e-05	0	6.14161568763759e-05
t_1341	0	0	0
t_1342	0	0	0
t_1343	0.000111277114384399	0	0.000111277114384399
t_1344	0.000111580031669025	0	0.000111580031669025
t_1345	0.000107233189359305	0	0.000107233189359305
t_1346	0.000107514462219683	0	0.000107514462219683
t_1347	0	0	0
t_1348	0	0	0
t_1349	0.00486792201612465	0	0.00486792201612465
t_1350	0.00864262803690355	0	0.00864262803690355
t_1351	0.00864262803690355	0	0.00864262803690355
t_1352	0.00611455128095303	0	0.00611455128095303
t_1353	0.00159788323169324	0	0.00159788323169324
t_1354	0.00159788323169325	0	0.00159788323169325
t_1355	0.00159788323169327	0	0.00159788323169327
t_1356	0.00159788323169341	0	0.00159788323169341
t_1357	0	0	0
t_1358	0	0	0
t_1359	0	0	0
t_1360	0	0	0
t_1361	0.00101120915934615	0	0.00101120915934615
t_1362	0.000976184099850374	0	0.000976184099850374
t_1363	0.00338223168200488	0	0.00338223168200488
t_1364	0.00339935069603425	0	0.00339935069603425
t_1365	6.61033607681756e-06	0	6.61033607681756e-06
t_1366	6.61941620879121e-06	0	6.61941620879121e-06
t_1367	6.62897723364743e-06	0	6.62897723364743e-06
t_1368	0	0	0
t_1369	0	0	0
t_1370	0.000840138543382526	0	0.000840138543382526
t_1371	0.000843000784254199	0	0.000843000784254199
t_1372	0.000802298595505618	0	0.000802298595505618
t_1373	0.000804908410898902	0	0.000804908410898902
t_1374	0	0	0
t_1375	0	0	0
t_1376	0	0	0
t_1377	0	0	0
t_1378	0	0	0
t_1379	0	0	0
t_1380	0	0	0
t_1381	0	0	0
y200001	0.0432160817834665	0	0.0432160817834665
y200002	0	0	0
y200003	1.92183556411905	0	1.92183556411905
y200008	199.257436111364	0	199.257436111364
y200015	0	0	0
y200016	0	0	0
y200017	0	0	0
y200019	0	0	0
y200020	0	0	0
y200021	0	0	0
y200022	0.000231817579148696	0	0.000231817579148696
y200023	28.5613035462454	0	28.5613035462454
y200024	23.1767175682654	0	23.1767175682654
y200025	9.71141166466859	0	9.71141166466859
y200026	4.6819464451087	0	4.6819464451087
y200027	28.6176891834057	0	28.6176891834057
y200028	9.77155833372821	0	9.77155833372821
y200029	9.77168033355178	0	9.77168033355178
y200030	28.6178111427979	0	28.6178111427979
y200031	28.6178111428055	0	28.6178111428055
y200032	7.21612040692673	0	7.21612040692673
y200033	4.33058675901264	0	4.33058675901264
y200034	-2.06587393092031	0	-2.06587393092031
y200035	28.6178111427965	0	28.6178111427965
y200036	0.0565196976483797	0	0.0565196976483797
y300001	0	0	0
y300002	0	0	0
y300004	0	0	0
y300006	0	0	0
y300008	-177.258246166305	0	-177.258246166305
y300009	0.000596541588427011	0.0116325609734791	0.0122291025619061
y300014	0	0	0
y300017	0	0	0
y300021	0	0	0
y300025	0	0	0
y300026	0	0	0
y300031	0	0	0
y300032	0	0	0
y300040	0	0	0
y300044	0	0	0
y300045	0	0	0
y300046	0	0	0
y300048	0	0	0
y300050	1.84606533196641	0	1.84606533196641
y300051	0.842280572310558	0	0.842280572310558
y300052	0.842280572310558	0	0.842280572310558
y300054	1.68456114462029	0	1.68456114462029
y300055	1.68456114462029	0	1.68456114462029
y300056	0	0	0
y300058	0	0	0
y300059	1.84606533196641	0	1.84606533196641
y300060	1.53746845129411	0	1.53746845129411
y300061	1.53746845129709	0	1.53746845129709
y300062	0.0452946136852376	0	0.0452946136852376
y300063	-113.579870879865	0	-113.579870879865
y300065	1.1102639572627	0	1.1102639572627
y300066	-1.1102639572627	0	-1.1102639572627
y300067	0	0	0
y300068	0	0	0
y300069	1.53746845129405	0	1.53746845129405
y300070	0	0	0
y300072	0	0	0
y300073	1.53746845129624	0	1.53746845129624
y300074	2.56244741882517	0	2.56244741882517
y300075	2.56244741882421	0	2.56244741882421
y300078	0	0	0
