Uniprot ID	Gatii	Parwo	ParAc	ATSwo	ATSAc
usage_prot_E6QXI7	CGB_A3440W	0	0	0	0
usage_prot_E6QXJ2	CGB_A3490C	0	107.202889731327	0	8910.70257390641
usage_prot_E6QXK2	CGB_A3590W	13066.7165654821	761.600959851134	13567.394301241	871.93735499779
usage_prot_E6QXM3	CGB_A4140C	703.867975290574	81.2067215194001	745.2647297212	87.3512434082017
usage_prot_E6QXM8	CGB_A4190W	0	29.5790240233685	0	41.0750601324476
usage_prot_E6QXP4	CGB_A4350C	468.021852850028	53.9966607464661	489.790311158743	56.7156876681804
usage_prot_E6QXQ1	CGB_A4420W	0	0	0	0
usage_prot_E6QXQ6	CGB_A4470W	0	17949.257443548	0	23851.8014221094
usage_prot_E6QXR0	CGB_A4510W	3975.53706185935	2387.28426387477	3917.53847542545	3023.24472097633
usage_prot_E6QXR4	CGB_A4550C	0	17949.257443548	0	23851.8014221094
usage_prot_E6QXT2	CGB_A4730W	0	335.266028017217	0	387.915329666537
usage_prot_E6QXU2	CGB_A4830C	0	17949.257443548	0	23851.8014221094
usage_prot_E6QXV1	CGB_A5060C	0	0	0	0
usage_prot_E6QXX4	CGB_A5290W	300.830522917981	34.7074470728411	314.822640239121	37.3335925969225
usage_prot_E6QXY0	CGB_A5350W	0	17949.257443548	0	23851.8014221094
usage_prot_E6QXY5	CGB_A5400W	0	0	0	0
usage_prot_E6QXY6	CGB_A5410C	137.674597787062	15.7088445952971	135.681637729606	19.7029929055624
usage_prot_E6QXZ2	CGB_A5470W	0	5010.12259702016	0	6263.94448262086
usage_prot_E6QXZ3	CGB_A5490C	0	0	0	0
usage_prot_E6QXZ8	CGB_A5540W	0	0	0	0
usage_prot_E6QY04	CGB_A5600C	0	0	0	0
usage_prot_E6QY09	CGB_A5650W	0	0	0	0
usage_prot_E6QY12	CGB_A5680C	0	0	0	0
usage_prot_E6QY36	CGB_A6090C	0.969839355218809	0.111892400153764	1.01494817676792	0.102890393769683
usage_prot_E6QY40	CGB_A6130W	0	0	0	0
usage_prot_E6QY45	CGB_A6180W	0	0	0	0
usage_prot_E6QY51	CGB_A6250W	0	0	0	0
usage_prot_E6QY53	CGB_A6270W	0	0	0	0
usage_prot_E6QY71	CGB_A6450W	0	0	0	0
usage_prot_E6QY73	CGB_A6470C	0	17.635898439552	0	19.9414579018565
usage_prot_E6QY75	CGB_A6490W	40719.6874931412	4010.00278617933	39993.3940373089	4639.83383369428
usage_prot_E6QY90	CGB_A6640W	0	52.02107297524	0	60.1908182105618
usage_prot_E6QY98	CGB_A7040W	223125.129859553	25742.4132379806	233503.042876262	23671.3756340728
usage_prot_E6QYA2	CGB_A7080C	1073.06035959424	105.672297087101	1053.8989398541	122.269275763838
usage_prot_E6QYE2	CGB_A7480W	0	0	0	0
usage_prot_E6QYE9	CGB_A7550W	0	0	0	0
usage_prot_E6QYF0	CGB_A7560C	0	17949.257443548	0	23851.8014221094
usage_prot_E6QYF4	CGB_A7600W	15105.8084007391	17949.257443548	14912.5691764427	23851.8014221094
usage_prot_E6QYH0	CGB_A8040W	0	0	0	0
usage_prot_E6QYI3	CGB_A8170W	0	0	0	0
usage_prot_E6QYI8	CGB_A8230W	1085.77010038649	17949.257443548	1136.27103524998	23851.8014221094
usage_prot_E6QYJ5	CGB_A8300W	0	0	0	0
usage_prot_E6QYK0	CGB_A8350W	19207.3932902662	19906.8115858856	19981.9024465551	26453.0896828028
usage_prot_E6QYL4	CGB_A8490W	17.0827631160066	1.71694269566542	16.9352129166285	1.9672492683096
usage_prot_E6QYM7	CGB_A8620C	60.4444874745739	6.89679196970077	59.5695007626565	11.4643021912275
usage_prot_E6QYP0	CGB_A9050C	0	17528.3664697819	0	23484.7988142187
usage_prot_E6QYP2	CGB_A9070W	0	0	0	0
usage_prot_E6QYP5	CGB_A9100C	0	17949.257443548	0	23851.8014221094
usage_prot_E6QYP8	CGB_A9140C	0	17949.257443548	0	23851.8014221094
usage_prot_E6QYP9	CGB_A9150C	11.0512780875666	91.9137213470464	10.8541236641527	111.201696659697
usage_prot_E6QYQ2	CGB_A9180C	0	0	0	0
usage_prot_E6QYR3	CGB_A9290C	7038.83283032575	693.166630704034	6913.14182975752	802.035956973511
usage_prot_E6QYS0	CGB_A9360W	0	0	0	0
usage_prot_E6QYS5	CGB_A9420W	0	0	0	0
usage_prot_E6QYU6	CGB_A9630W	0	0	0	0
usage_prot_E6QYU8	CGB_A9650C	0.00164689704413149	0.000190009443874852	0.00172350805192127	0.000204386544256735
usage_prot_E6QYW7	CGB_A0150W	0	0	0	0
usage_prot_E6QYW8	CGB_A0160C	486.664920936799	47.9268769683689	477.978027244462	55.4525478739952
usage_prot_E6QYX0	CGB_A0170C	0	0	0	0
usage_prot_E6QZ16	CGB_A0630C	0	17949.2574435471	0	23851.8014221094
usage_prot_E6QZ35	CGB_A1040W	0	0	0	0
usage_prot_E6QZ48	CGB_A1170W	0	0	0	0
usage_prot_E6QZ61	CGB_A1300W	5.17222253759602	1415.88611614409	5.39983171936122	1523.01940597429
usage_prot_E6QZ72	CGB_A1410C	315.728712055724	39.4444533965617	329.357853199873	44.2191844159771
usage_prot_E6QZ85	CGB_A1540W	0	17949.257443548	0	23851.8014221094
usage_prot_E6QZ95	CGB_A1640W	0	0	0	0
usage_prot_E6QZA2	CGB_A1710W	0	0.637895351372359	0	0.686161823358128
usage_prot_E6QZC0	CGB_A2040C	18154.9415325547	2851.06178931514	18818.120478442	3407.07629058252
usage_prot_E6QZC4	CGB_A2080W	775.113972125222	17949.257443548	944.156418100383	23851.8014221094
usage_prot_E6QZC9	CGB_A2140W	0	0	0	0
usage_prot_E6QZD8	CGB_A2230C	0	0	0	0
usage_prot_E6QZE1	CGB_A2260W	11872.1515053251	1169.1649098915	11660.3527054531	1352.73137154223
usage_prot_E6QZG1	CGB_A2470W	0	17949.257443548	0	23851.8014221094
usage_prot_E6QZH0	CGB_A2560W	0	0	0	0
usage_prot_E6QZH3	CGB_A2590W	0	0	0	0
usage_prot_E6QZH5	CGB_A2610W	0	0	0	0
usage_prot_E6QZI4	CGB_A2700C	0	0	0	0
usage_prot_E6QZK4	CGB_A3120W	0.719647042109105	0.0830271890331381	0.753119000740403	0.0893094569394704
usage_prot_E6QZK6	CGB_A3140W	0	0	0	0
usage_prot_E6QZL3	CGB_A3210W	0	0	0	0
usage_prot_E6QZL5	CGB_A3230C	8.07873004396242E-06	17949.257443548	8.48951292755373E-06	23851.8014221094
usage_prot_E6QZL6	CGB_A3240C	0	12804.4945745852	0	17015.3253627566
usage_prot_E6QZL8	CGB_A3260C	244321.551945657	28187.8888171679	255685.345059399	30320.7307370922
usage_prot_E6QZM5	CGB_A3330W	13.0307424210925	1.28322753151082	12.7978596771316	1.48477470977535
usage_prot_E6QZM9	CGB_A3370W	42333596.5047892	17949.257443548	44008027.5812953	23851.8014221094
usage_prot_E6QZN1	CGB_A3390W	0	0	0	0
usage_prot_E6QZP2	CGB_B0060C	0	0	0	0
usage_prot_E6QZQ1	CGB_B0140C	0	0	0	0
usage_prot_E6QZQ2	CGB_B0150C	0	17949.257443548	0	23851.8014221094
usage_prot_E6QZQ6	CGB_B0190C	38.4339962331665	17949.257443548	37.7471639655387	23851.8014221094
usage_prot_E6QZS1	CGB_B0330W	501.602593156036	57.870941038715	524.932946370666	62.2497566993495
usage_prot_E6QZT7	CGB_B0490C	0	0	0	0
usage_prot_E6QZU1	CGB_B0530W	39043.7494165205	4416.79933552754	40578.1226886096	5278.16420981578
usage_prot_E6QZV6	CGB_B0670W	0	0	0	0
usage_prot_E6QZV9	CGB_B0700W	0	0	0	0
usage_prot_E6QZX4	CGB_B1040W	0	0	0	0
usage_prot_E6QZX9	CGB_B1090C	0	0	0	0
usage_prot_E6QZY4	CGB_B1140C	0	0	0	0
usage_prot_E6QZZ8	CGB_B1280C	0	17949.257443548	0	23851.8014221094
usage_prot_E6R000	CGB_B1300C	66183.2322912733	7635.69803208047	69261.522165243	8213.45456277835
usage_prot_E6R003	CGB_B1330C	0	0	0	0
usage_prot_E6R016	CGB_B1470W	0	0	0	0
usage_prot_E6R023	CGB_B1540W	2672.32221431461	278.117366443181	2681.67070074725	312.068979876344
usage_prot_E6R043	CGB_B1740C	0	0	0	0
usage_prot_E6R053	CGB_B2030C	0	17949.257443548	0	23851.8014221094
usage_prot_E6R075	CGB_B2250C	0	17949.257443548	0	23851.8014221094
usage_prot_E6R092	CGB_B2420W	0	0	0	0
usage_prot_E6R0A3	CGB_B2530C	0	0	0	0
usage_prot_E6R0A9	CGB_B2590C	0	0	0	0
usage_prot_E6R0B1	CGB_B2610W	2.71115922682786	17949.257443548	2.66279091156126	23851.8014221094
usage_prot_E6R0C2	CGB_B2720W	0	17949.257443548	0	23851.8014221094
usage_prot_E6R0D0	CGB_B2800C	0	0	0	0
usage_prot_E6R0D1	CGB_B2810C	0	17949.257443548	0	23851.8014221094
usage_prot_E6R0D6	CGB_B2860C	0.164946922962091	17949.257443548	0.172618841023671	23851.8014221094
usage_prot_E6R0E6	CGB_B3040C	389.419130838815	38.3499960948554	382.474209135915	44.3720991959401
usage_prot_E6R0F5	CGB_B3130C	879.595815682959	0	863.877054804148	0
usage_prot_E6R0J0	CGB_B3480C	0	17949.257443548	0	23851.8014221094
usage_prot_E6R0M1	CGB_B3790C	0	17949.257443548	0	23851.8014221094
usage_prot_E6R0M7	CGB_B3850C	0	275.216669381153	0	296.040990533886
usage_prot_E6R0P3	CGB_B4140C	8992.11566810539	6501.6867023946	9101.61098523837	8639.74126071878
usage_prot_E6R0P8	CGB_B4190W	0	0.0075928241981314	0	0.00816733667210309
usage_prot_E6R0R3	CGB_B4340C	0	0	0	0
usage_prot_E6R0R4	CGB_B4350W	0	0	0	0
usage_prot_E6R0S7	CGB_B4470W	0	0	0	0
usage_prot_E6R0S9	CGB_B4490C	0	0	0	0
usage_prot_E6R0T3	CGB_B4530C	0	1522.54150718776	0	1660.96404226255
usage_prot_E6R0U3	CGB_B4630W	98.4925761924478	17.394946048776	95.3552318462722	8.46079359476625
usage_prot_E6R0X7	CGB_B5300W	0	17949.257443548	0	23851.8014221094
usage_prot_E6R0Z8	CGB_B5500W	8570.57773983292	844.003504561166	8417.69605171068	976.540176609689
usage_prot_E6R126	CGB_B5780W	24602.543764925	3969.26919023588	25592.9254652805	4755.06990291907
usage_prot_E6R137	CGB_B6060C	0	0	0	0
usage_prot_E6R140	CGB_B6090C	0	0	0	0
usage_prot_E6R154	CGB_B6230W	825.369384044635	81.2798442940527	810.618550052864	94.0458759330085
usage_prot_E6R176	CGB_B6450C	0	1220.36692729745	0	1312.70622085405
usage_prot_E6R181	CGB_B6500C	0	17949.257443548	0	23851.8014221094
usage_prot_E6R183	CGB_B6520W	0	0	0	0
usage_prot_E6R185	CGB_B6540C	29.0853031767369	2.86432858985318	28.5667160078436	3.31416217579868
usage_prot_E6R191	CGB_B6600C	0	0	0	0
usage_prot_E6R1A2	CGB_B6710W	11247.2104652437	1814.57683409923	11699.9698030833	2173.81066307741
usage_prot_E6R1A6	CGB_B8010W	0.220856527333287	17949.257443548	0.23112890643944	23851.8014221094
usage_prot_E6R1B1	CGB_B8060C	295.966568903722	29.145962785743	290.682386875028	33.7232442022764
usage_prot_E6R1C2	CGB_B8170W	10324.3200806041	7464.92783870661	10450.0374027018	9919.74052404094
usage_prot_E6R1F3	CGB_B9280W	1224.11246806147	120.549078723521	1202.28704758571	139.486748744391
usage_prot_E6R1G0	CGB_B9350W	10245.8786197664	1008.99213364949	10062.5534526378	1167.4475482489
usage_prot_E6R1G7	CGB_B9420C	38638.3410447447	17949.257443548	39551.3219599082	23851.8014221094
usage_prot_E6R1J3	CGB_B9680W	0	0.10787561979152	0	0.11603804889437
usage_prot_E6R1L1	CGB_C5610W	0	0	0	0
usage_prot_E6R1M2	CGB_C5720W	125.413105194374	12.3498631127758	123.172654337443	14.2891440458916
usage_prot_E6R1M3	CGB_C5730C	0	0	0	0
usage_prot_E6R1N5	CGB_C6070W	0	0	0	0
usage_prot_E6R1N6	CGB_C6080C	0	0	0	0
usage_prot_E6R1N7	CGB_C6090W	0	0	0	0
usage_prot_E6R1P3	CGB_C6150C	0	0	0	0
usage_prot_E6R1Q0	CGB_C6220W	0	0	0	0
usage_prot_E6R1Q1	CGB_C6230C	52.1476845734889	6.01638751151007	54.573158271397	6.47161860673305
usage_prot_E6R1Q6	CGB_C6280C	0	7815.98708557014	0	13949.6921044123
usage_prot_E6R1Q8	CGB_C6300W	4531.77297908107	446.287258410053	4450.92629532009	516.3572478641
usage_prot_E6R1R1	CGB_C6340W	0.910307946626803	154.809524271578	0.935660370781036	166.509741569741
usage_prot_E6R1R2	CGB_C6350C	0	0	0	0
usage_prot_E6R1R8	CGB_C6410C	15.2396340614264	1.50077219897642	14.9678135502489	1.73649096940232
usage_prot_E6R1R9	CGB_C6420C	137468.488707706	0	132631.117731036	0
usage_prot_E6R1S3	CGB_C6460C	38.5830083403635	11.2851141857236	38.4824288359544	18.7182024549931
usage_prot_E6R1T0	CGB_C6530W	22.7175466927134	17949.257443548	22.3123469646845	23851.8014221094
usage_prot_E6R1T5	CGB_C6580C	6790.27924556868	783.408728734138	7106.10618724533	842.685497842902
usage_prot_E6R1T8	CGB_C6610C	0	0	0	0
usage_prot_E6R1U7	CGB_C6710C	0.700902950667019	0.0810926800659058	0.733503091091709	0.0872285729866353
usage_prot_E6R1V0	CGB_C6740C	0	0	0	0
usage_prot_E6R1V6	CGB_C7010C	2.26105182393509	0.260862283921439	2.36621703460144	0.276989507856018
usage_prot_E6R1V9	CGB_C7040W	0	0	0	0
usage_prot_E6R1W1	CGB_C7060C	8054.23357652378	798.239617897126	7929.66160871015	920.787725185979
usage_prot_E6R1W2	CGB_C7070W	0	0	0	0
usage_prot_E6R1W4	CGB_C7090W	17.0965086643936	1.68361171468591	16.7909633577199	1.94804431300192
usage_prot_E6R1W7	CGB_C7120C	0	0	0	0
usage_prot_E6R1W8	CGB_C7130W	0	0	0	0
usage_prot_E6R1W9	CGB_C7140C	0	0	0	0
usage_prot_E6R1X1	CGB_C7160W	0	17949.257443548	0	23851.8014221094
usage_prot_E6R1X7	CGB_C7220C	0	0	0	0
usage_prot_E6R1X9	CGB_C7240W	1.58628534501946	0.18352915442353	1.66006605874129	0.197415922482739
usage_prot_E6R1Y9	CGB_C7340C	0	17949.257443548	0	23851.8014221094
usage_prot_E6R1Z4	CGB_C7390W	0	0	0	0
usage_prot_E6R201	CGB_C7460C	0	0	0	0
usage_prot_E6R215	CGB_C7600W	19959.0105750401	17949.257443548	20887.3366511016	23851.8014221094
usage_prot_E6R217	CGB_C7620C	0	17949.257443548	0	23851.8014221094
usage_prot_E6R230	CGB_C7750W	0	0	0	0
usage_prot_E6R235	CGB_C8050W	0	0	0	0
usage_prot_E6R241	CGB_C8110W	0	0	0	0
usage_prot_E6R246	CGB_C8160W	0	0	0	0
usage_prot_E6R252	CGB_C8220W	1434.73386115109	165.528248486515	1501.46566875476	178.052974605368
usage_prot_E6R273	CGB_C8430W	0	17949.257443548	0	23851.8014221094
usage_prot_E6R282	CGB_C8520W	0	17949.257443548	0	23851.8014221094
usage_prot_E6R2A0	CGB_C8700W	1228.18376337392	141.698131400096	1285.30858962512	152.419747218341
usage_prot_E6R2A7	CGB_C8770C	0	17949.257443548	0	23851.8014221094
usage_prot_E6R2B0	CGB_C9020C	0	0	0	0
usage_prot_E6R2C3	CGB_C9150C	0	0	0	0
usage_prot_E6R2C4	CGB_C9160W	0	17949.257443548	0	23851.8014221094
usage_prot_E6R2D2	CGB_C9240W	0	0	0	0
usage_prot_E6R2E0	CGB_C9320C	0	0	0	0
usage_prot_E6R2F3	CGB_C9450W	0	0	0	0
usage_prot_E6R2F8	CGB_C9500W	214.680840670608	24.7681779193531	224.665996071334	26.6422667713892
usage_prot_E6R2F9	CGB_C9510W	0	0	0	0
usage_prot_E6R2H3	CGB_C9650W	0	0	0	0
usage_prot_E6R2J0	CGB_C0100W	4.86273878156214	0.549308427079144	5.13079337219049	0.590871952742283
usage_prot_E6R2J4	CGB_C0140C	0	0	0	0
usage_prot_E6R2J9	CGB_C0190C	0	0	0	0
usage_prot_E6R2K7	CGB_C0270C	0	0	0	0
usage_prot_E6R2M2	CGB_C0430W	0	0	0	0
usage_prot_E6R2M3	CGB_C0440C	0	0.442577833598113	0	0.600956813659312
usage_prot_E6R2P1	CGB_C0620W	0	0	0	0
usage_prot_E6R2P7	CGB_C0680C	0	0	0	0
usage_prot_E6R2Q0	CGB_C1010W	0	2970.41326364437	0	9590.35675763175
usage_prot_E6R2Q7	CGB_C1070C	50.3739531792625	5.62324548541656	52.7169277759913	6.04872941031586
usage_prot_E6R2R0	CGB_C1100C	0	0	0	0
usage_prot_E6R2R2	CGB_C1120C	452.653099527181	44.5758882780931	444.563375290122	51.5770975574068
usage_prot_E6R2T3	CGB_C1330W	7.48396428472814	0.863376342853648	7.83147277455598	0.928703876556266
usage_prot_E6R2U4	CGB_C1440C	48.9489812456722	0.381435972807669	48.1197665642694	0
usage_prot_E6R2V6	CGB_C1560W	0	17949.257443548	0	23851.8014221094
usage_prot_E6R2V8	CGB_C1580W	98.3103134016661	28.754707346438	98.0540347924255	47.6943719652928
usage_prot_E6R2W4	CGB_C1640C	0	0	0	0
usage_prot_E6R2X1	CGB_C1710W	12530.2699623039	17949.257443548	12393.5001418196	23851.8014221109
usage_prot_E6R2X8	CGB_C2080W	0	0	0	0
usage_prot_E6R2Y7	CGB_C2170W	0	17949.257443548	0	23851.8014221094
usage_prot_E6R2Z1	CGB_C2210W	0	0	0	0
usage_prot_E6R318	CGB_C2490C	0	0	0	4949.33361219984
usage_prot_E6R320	CGB_C2510W	4113.20949173974	17949.257443548	4273.2002473243	23851.8014221094
usage_prot_E6R330	CGB_C2610W	0	0	0	0
usage_prot_E6R337	CGB_C2680C	0	0	0	0
usage_prot_E6R341	CGB_C2720C	0	0	0	0
usage_prot_E6R343	CGB_C2740C	0	16313.4339086039	0	22140.5533608475
usage_prot_E6R344	CGB_C2750W	0	0	0	0
usage_prot_E6R347	CGB_C2780W	0	0	0	0
usage_prot_E6R349	CGB_C3010C	0	0	0	0
usage_prot_E6R366	CGB_C3180W	0	0	0	0
usage_prot_E6R367	CGB_C3190W	0	0	0	0
usage_prot_E6R375	CGB_C3270C	25716.0643666154	17949.257443548	26972.5210933086	23851.8014221094
usage_prot_E6R380	CGB_C3320W	0	0	0	0
usage_prot_E6R383	CGB_C3350W	0	0.170799183192985	0	0.183722735579815
usage_prot_E6R3A1	CGB_C3530C	0	0	0	0
usage_prot_E6R3A5	CGB_C3570W	5632.10356865225	339.927811678555	5444.5568079427	595.7919713923
usage_prot_E6R3A8	CGB_C3600W	0	0	0	0
usage_prot_E6R3B2	CGB_C3640C	0	0	0	0
usage_prot_E6R3B9	CGB_C4040W	0	0	0	0
usage_prot_E6R3C3	CGB_C4080C	0	17030.512997938	0	23050.8128853514
usage_prot_E6R3C4	CGB_C4090W	0	16760.0288051678	0	22814.9967791225
usage_prot_E6R3D6	CGB_C4210C	0	0	0	0
usage_prot_E6R3E9	CGB_C4310W	0	17949.257443548	0	23851.8014221094
usage_prot_E6R3G0	CGB_C4420C	0	0	0	0
usage_prot_E6R3H0	CGB_C4530W	2892.51163209347	199.515180073966	2983.29763856573	243.391599865071
usage_prot_E6R3H3	CGB_C4560C	0	0	0	0
usage_prot_E6R3K6	CGB_C5280C	0	17949.257443548	0	23851.8014221094
usage_prot_E6R3M1	CGB_C5430W	0	0	0	0
usage_prot_E6R3P4	CGB_D3430W	12027.0806824679	1184.37077059252	11812.1515049905	1370.36126397577
usage_prot_E6R3P8	CGB_D3470W	0	393974.583642905	0	190465.627799909
usage_prot_E6R3Q5	CGB_D3540C	662.683201875372	76.4551480073964	693.505676358913	82.2401411908829
usage_prot_E6R3S3	CGB_D3720W	12677.6249783318	1248.45360661201	12451.053039779	1444.5390984114
usage_prot_E6R3S8	CGB_D3770C	0	17949.257443548	0	23851.8014221094
usage_prot_E6R3S9	CGB_D4010W	0	0	0	0
usage_prot_E6R3V8	CGB_D4300C	0	0	0	0
usage_prot_E6R402	CGB_D4750C	0	0	0	0
usage_prot_E6R403	CGB_D4760W	0.0215234484324642	0	0.0225245947835901	0
usage_prot_E6R404	CGB_D4770C	0	17949.257443548	0	23851.8014221094
usage_prot_E6R414	CGB_D4870W	13708.4219912687	799.003123259732	14233.6879713043	914.758130118744
usage_prot_E6R417	CGB_D5020C	3962.15522522464	457.1221412154	4146.44151475882	420.345591352579
usage_prot_E6R422	CGB_D5070W	0	15026.9718181503	0	19968.5334565745
usage_prot_E6R423	CGB_D5080W	0.018493171564025	0.00213359890260556	0.0193533509222652	0.00229503806569074
usage_prot_E6R432	CGB_D5170C	0	17949.2748918282	0	23851.8254571935
usage_prot_E6R450	CGB_D5350C	0	0	0	0
usage_prot_E6R459	CGB_D5440W	0	0	0	0
usage_prot_E6R464	CGB_D5490C	0	17949.257443548	0	23851.8014221094
usage_prot_E6R4A4	CGB_D6020C	0	0	0	0
usage_prot_E6R4A9	CGB_D6070W	0	0	0	0
usage_prot_E6R4B4	CGB_D6120C	0	17949.257443548	0	23851.8014221094
usage_prot_E6R4C0	CGB_D6180C	0	0	0	0
usage_prot_E6R4C3	CGB_D6210C	0	0	0	0
usage_prot_E6R4C9	CGB_D6270C	289200.053919068	28479.909679408	284041.76024042	32953.1064084316
usage_prot_E6R4D0	CGB_D6280W	0	0	0	0
usage_prot_E6R4D3	CGB_D6310C	0	17949.257443548	0	23851.8014221094
usage_prot_E6R4D8	CGB_D6360W	0	0	0	0
usage_prot_E6R4E2	CGB_D6400W	0	17949.257443548	0	23851.8014221094
usage_prot_E6R4E7	CGB_D6450W	0	10006.1223875074	0	13646.550071811
usage_prot_E6R4F8	CGB_D6560C	982.317483270846	0	964.763041378844	0
usage_prot_E6R4G3	CGB_D6600W	0	0	0	0
usage_prot_E6R4H3	CGB_D6700W	0	0	0	0
usage_prot_E6R4I2	CGB_D7070W	272.503370489989	34.0681442796597	285.746736048616	37.8109604156593
usage_prot_E6R4I3	CGB_D7080W	0	0	0	0
usage_prot_E6R4J3	CGB_D7190W	0	0	0	0
usage_prot_E6R4J8	CGB_D7240W	2914.61791071463	287.034187803876	2862.64302921829	332.094228362986
usage_prot_E6R4L2	CGB_D7390W	0	0	0	0
usage_prot_E6R4L5	CGB_D7420W	0	0	0	0
usage_prot_E6R4N5	CGB_D7620W	1400.80497803802	17949.257443548	1442.41988905701	23851.8014221094
usage_prot_E6R4P4	CGB_D7710W	0	0	0	0
usage_prot_E6R4Q5	CGB_D7820C	0.400733833446202	17949.257443548	0.41937262754246	23851.8014221094
usage_prot_E6R4S4	CGB_D8130W	0	0	0	0
usage_prot_E6R4T2	CGB_D8210W	0	0	0	0
usage_prot_E6R4U3	CGB_D8320C	6.25801371429378	0.722000142872367	6.54908412757068	0.776630419758219
usage_prot_E6R4U7	CGB_D8360C	0	17949.257443548	0	23851.8014221094
usage_prot_E6R4V8	CGB_D8470W	0	17949.257443548	0	23851.8014221094
usage_prot_E6R4V9	CGB_D8480C	17480.6210878558	1227.51980722195	17893.6686723923	1501.02322085611
usage_prot_E6R4X3	CGB_D8620C	0	4.57218446192111	0	44.867456834804
usage_prot_E6R4Z0	CGB_D8790W	24809.6618594525	0	25961.6750774628	0
usage_prot_E6R4Z8	CGB_D9080W	0	0	0	0
usage_prot_E6R525	CGB_D9350C	0.0106040862846539	0.00122341886312481	0.0110972996002192	0.00131598908198098
usage_prot_E6R526	CGB_D9360C	1952.11811788966	192.239703813862	1917.25954321803	222.433031232411
usage_prot_E6R529	CGB_D9390C	199.457002991115	17949.257443548	197.590460955301	23851.8014221094
usage_prot_E6R531	CGB_D9410C	0	0	0	7111.13057542842
usage_prot_E6R552	CGB_D9620W	92.3377262176839	17949.257443548	106.824107431614	23851.8014221094
usage_prot_E6R556	CGB_D9660W	36532.0876160472	26414.2719057104	36976.9320407022	35100.5031927422
usage_prot_E6R561	CGB_D9710C	0	0	0	0
usage_prot_E6R577	CGB_D0090W	0	0	0	0
usage_prot_E6R581	CGB_D0130W	0	0	0	0
usage_prot_E6R585	CGB_D0170C	0	0	0	0
usage_prot_E6R594	CGB_D0260W	3.70303044276139	0.427226375988762	3.87526444868695	0.459552540265487
usage_prot_E6R5A2	CGB_D0330C	0	17949.257443548	0	23851.8014221094
usage_prot_E6R5B3	CGB_D0440W	0	0	0	0
usage_prot_E6R5B4	CGB_D0450C	0	0	0	0
usage_prot_E6R5C0	CGB_D0510C	676.153324378208	66.5877399284628	664.084091936267	77.0436145597636
usage_prot_E6R5C5	CGB_D0560W	0	0	0	0
usage_prot_E6R5E1	CGB_D0720W	0	0	0	0
usage_prot_E6R5F4	CGB_D1110W	8.75477398918222	17949.257443548	8.59846637797256	23851.8014221094
usage_prot_E6R5F7	CGB_D1140C	0	17949.257443548	0	23851.8014221094
usage_prot_E6R5G1	CGB_D1180W	0	0.00186142677605586	0	0.00200227198388936
usage_prot_E6R5G7	CGB_D1240C	0	0	0	0
usage_prot_E6R5I5	CGB_D1420W	0	0	0	0
usage_prot_E6R5J5	CGB_D1520C	438.205839152706	43.1543423463804	430.388261109187	49.929853535922
usage_prot_E6R5J7	CGB_D1540C	0	17949.257443548	0	23851.8014221094
usage_prot_E6R5J9	CGB_D1560C	0	0	0	0
usage_prot_E6R5L8	CGB_D1750W	0	0	0	0
usage_prot_E6R5N6	CGB_D1930W	0	0	0	0
usage_prot_E6R5P2	CGB_D2050C	0	0	0	0
usage_prot_E6R5P3	CGB_D2060C	0	0	0	0
usage_prot_E6R5P6	CGB_D2090W	647.182616617868	63.7342949394503	635.636899575539	73.7409919493055
usage_prot_E6R5P9	CGB_D2120W	3600.27102114563	415.370803158639	3767.72548777562	446.7999132646
usage_prot_E6R5Q5	CGB_D2180C	0	0	0	0
usage_prot_E6R5Q7	CGB_D2200W	0	17949.257443548	0	23851.8014221094
usage_prot_E6R5R1	CGB_D2240C	0	0	0	0
usage_prot_E6R5R3	CGB_D2260W	0	0	0	0
usage_prot_E6R5R6	CGB_D2290W	0	180.805073981109	0	194.485723980234
usage_prot_E6R5S0	CGB_D2330C	0	0	0	0
usage_prot_E6R5S2	CGB_D2350W	0	17949.257443548	0	23851.8014221094
usage_prot_E6R5T8	CGB_D2490W	0	0	0	0
usage_prot_E6R5U8	CGB_D2590C	1681178.71794384	199776.886326229	1747045.80462697	225546.358544373
usage_prot_E6R5W7	CGB_D3080W	0	0	0	0
usage_prot_E6R5X6	CGB_D3180W	22606.0439453536	17949.257443548	23587.322036333	23851.8014221094
usage_prot_E6R5X7	CGB_D3190W	0	0	0	0.374543167923074
usage_prot_E6R5Y1	CGB_D3230C	542.928727367982	17949.257443548	572.200355498973	23851.8014221094
usage_prot_E6R5Y6	CGB_D3280C	0	0	0	0
usage_prot_E6R610	CGB_E5540C	0	0	0	0
usage_prot_E6R621	CGB_E5650C	5377.8115560999	620.404785680566	5627.53802642603	667.347830716817
usage_prot_E6R622	CGB_E5660W	9409.91515343811	1085.56358532606	9846.87819554047	1167.70295860599
usage_prot_E6R634	CGB_E6070C	0	0	0	0
usage_prot_E6R636	CGB_E6090C	374.425995056954	43.1983107292155	391.841157657547	46.4669190521301
usage_prot_E6R685	CGB_E6580C	2076.50255208886	17949.257443548	2124.61206208917	23851.8014221069
usage_prot_E6R6A3	CGB_E0010C	0	17949.257443548	0	23851.8014221094
usage_prot_E6R6A4	CGB_E0020W	0	0	0	0
usage_prot_E6R6A8	CGB_E0060W	0	17949.257443548	0	23851.8014221094
usage_prot_E6R6B5	CGB_E0130W	0	0	0	0
usage_prot_E6R6B6	CGB_E0140W	208.797008331875	85.994253221118	213.070133256202	102.818245757298
usage_prot_E6R6C3	CGB_E0210W	0	0	0	0
usage_prot_E6R6F3	CGB_E0510C	51.6153912913655	5.95497572850224	54.0161071733434	6.40556008933403
usage_prot_E6R6H0	CGB_E0680C	0	17949.257443548	0	23851.8014221094
usage_prot_E6R6H2	CGB_E0700C	0	1706.07783032201	0	1835.16853089792
usage_prot_E6R6H4	CGB_E0720W	463.020063377732	57.8457790246477	483.007367445514	64.8479811511274
usage_prot_E6R6I2	CGB_E1070W	0	9827.33206284554	0	13416.8422562819
usage_prot_E6R6J6	CGB_E1210C	0	1.82717490658913	0	1.96542844026398
usage_prot_E6R6J7	CGB_E1220W	0	0	0	0
usage_prot_E6R6K1	CGB_E1260W	0	0	0	0
usage_prot_E6R6L0	CGB_E1350W	0	17949.257443548	0	23851.8014221094
usage_prot_E6R6N6	CGB_E1610C	7015.54950942352	690.86835457697	6890.03265101618	799.337855736803
usage_prot_E6R6P7	CGB_E1700C	0	0	0	0
usage_prot_E6R6Q6	CGB_E2080W	0	0	0	0
usage_prot_E6R6S5	CGB_E2270W	4096.86413634306	17949.2574435472	4590.62585780677	23851.8014221162
usage_prot_E6R6T2	CGB_E2340W	0	0	0	0
usage_prot_E6R6T6	CGB_E2380C	0	0	0	0
usage_prot_E6R6T8	CGB_E2400W	0	0	0	0
usage_prot_E6R6W4	CGB_E2660C	0	17949.257443548	0	23851.8014221094
usage_prot_E6R6X7	CGB_E2790C	0	0	0	0
usage_prot_E6R6Z5	CGB_E3180C	0	228.776795798719	0	264.685514329931
usage_prot_E6R707	CGB_E3300W	127.051186974751	7.3290806743646	132.960544197985	7.78218460143774
usage_prot_E6R713	CGB_E3360W	0	0	0	0
usage_prot_E6R716	CGB_E3390C	0.200764931105394	17949.257443548	0.214185961014275	23851.8014221094
usage_prot_E6R717	CGB_E3400W	0	0	0	0
usage_prot_E6R762	CGB_E4160W	0	0	0	0
usage_prot_E6R765	CGB_E4190C	0	0	0	0
usage_prot_E6R779	CGB_E4330W	0	29.4026242199448	0	31.6273793230631
usage_prot_E6R7A3	CGB_E4600W	0	0	0	0
usage_prot_E6R7A5	CGB_E4620W	0	0	0	0
usage_prot_E6R7C4	CGB_E5070C	0	17949.257443548	0	23851.8014221094
usage_prot_E6R7E8	CGB_E5310W	0	0	0	0
usage_prot_E6R7H0	CGB_F6540C	87402.1737594628	8607.17436045492	85841.647794217	9958.8649629817
usage_prot_E6R7H1	CGB_F6550W	0.00359592489914439	0	0.00376318199657999	0
usage_prot_E6R7I4	CGB_F0030W	0	0	0	0
usage_prot_E6R7I5	CGB_F0040W	2969597.69507505	342608.701514244	3107718.51852436	368532.253485817
usage_prot_E6R7J2	CGB_F0110C	0	0	0	0
usage_prot_E6R7J4	CGB_F0130C	0	15942.2712205072	0	22138.314925901
usage_prot_E6R7K2	CGB_F0210C	0	6125.27253726933	0	7658.16931050698
usage_prot_E6R7L6	CGB_F0350C	0	0	0	0
usage_prot_E6R7M0	CGB_F0390C	12402.2383236035	722.871469984436	12877.4552283729	827.596957946054
usage_prot_E6R7Q8	CGB_F1190W	0	0	0	0
usage_prot_E6R7R5	CGB_F1260C	0	17949.257443548	0	23851.8014221094
usage_prot_E6R7S3	CGB_F1340C	0	0	0	0
usage_prot_E6R7T3	CGB_F1440C	2571.91127007463	372.350197772214	2526.03491138788	1542.52559136913
usage_prot_E6R7T9	CGB_F1500C	28952.3621562278	3340.29461975731	30298.9836518949	3593.0386417068
usage_prot_E6R7U0	CGB_F1510W	0	0	0	3203.92824540646
usage_prot_E6R7V6	CGB_F1670W	0	0	0	0
usage_prot_E6R7X2	CGB_F2090W	103.052316178896	10.1483340371877	101.212132026808	11.7422398030554
usage_prot_E6R7Y7	CGB_F2240W	0	17949.257443548	0	23851.8014221094
usage_prot_E6R817	CGB_F2530W	0	17949.257443548	0	23851.8014221094
usage_prot_E6R833	CGB_F3160C	4340.38351791438	500.75913098626	4542.2618210493	538.649165010442
usage_prot_E6R843	CGB_F3260W	0	658.043502887395	0	707.834488554872
usage_prot_E6R844	CGB_F3270W	1227.07393277209	120.841663325719	1205.14900603067	139.815572822253
usage_prot_E6R847	CGB_F3300C	169603.893437317	18141.4571969091	166578.531681998	35665.9074180848
usage_prot_E6R865	CGB_F3460C	0	0	0	77.1615641226258
usage_prot_E6R871	CGB_F3520C	865.554784937667	108.135035142794	902.918407086539	121.224726141703
usage_prot_E6R874	CGB_F3550W	1361.83221971927	134.110827747726	1337.54200800961	155.174943566939
usage_prot_E6R880	CGB_F3610C	21.792742834299	2.51408716629156	22.8046615557643	2.70431604555919
usage_prot_E6R8B7	CGB_F4260C	0	0	0	0
usage_prot_E6R8C2	CGB_F4310C	0	0	0	0
usage_prot_E6R8C8	CGB_F4370W	0	8.34459662638338E-09	0	8.97599210282536E-09
usage_prot_E6R8D6	CGB_F4450C	0	0	0	0
usage_prot_E6R8D7	CGB_F4460C	0	0	0	0
usage_prot_E6R8E6	CGB_F4550C	0	17949.257443548	0	23851.8014221094
usage_prot_E6R8G1	CGB_F4700C	0	0	0	0
usage_prot_E6R8G9	CGB_F5080W	1692.75945269998	167.389765192684	1665.17956801287	3172.54532867046
usage_prot_E6R8H2	CGB_F5110C	0	0	0	0
usage_prot_E6R8I0	CGB_F5190W	7.03220443922232	17949.257443548	7.35642646894513	23851.8014221094
usage_prot_E6R8I8	CGB_F5260W	0	0	0	0
usage_prot_E6R8J6	CGB_F5320C	0	17949.257443548	0	23851.8014221094
usage_prot_E6R8L2	CGB_F5470C	0	0	0	0
usage_prot_E6R8L8	CGB_F5530C	0	0	0	0
usage_prot_E6R8L9	CGB_F5540C	10.1027307046253	0.994919319066037	9.92239852493266	1.15114555049527
usage_prot_E6R8M0	CGB_F5550C	6357.54844412874	626.049205020711	6243.8232720234	724.375462326926
usage_prot_E6R8M7	CGB_F5620C	0	2252.51103070752	0	7431.30966777608
usage_prot_E6R8M9	CGB_F5640C	1329937.46240125	158038.382482069	1382043.2291375	178423.952513037
usage_prot_E6R8N2	CGB_F5670W	0	0	0	0
usage_prot_E6R8N5	CGB_F6010W	874.517233226056	109.254727023171	912.267739663455	122.479956154645
usage_prot_E6R8Q4	CGB_F6195W	9.82916607778794	17949.257443548	10.3218772797419	23851.8014221094
usage_prot_E6R8R6	CGB_F6320W	0	0	0	0
usage_prot_E6R8R8	CGB_F6340C	0	0	0	0
usage_prot_E6R8S2	CGB_G6640C	0	0	0	0
usage_prot_E6R8S7	CGB_G0020C	0	0	0	0
usage_prot_E6R8W7	CGB_G0410C	0	0	0	0
usage_prot_E6R8W9	CGB_G0430C	0	17949.257443548	0	23851.8014221094
usage_prot_E6R8X9	CGB_G0530C	0	17949.257443548	0	23851.8014221094
usage_prot_E6R903	CGB_G1070C	333.221444705213	32.8155195984833	327.276784869427	37.9677686687046
usage_prot_E6R909	CGB_G1125C	522.578958684828	51.4611367735436	513.240244776989	59.5424593251215
usage_prot_E6R922	CGB_G1250W	0	0.00163835965295362	0	0.00176232644487611
usage_prot_E6R923	CGB_G1260C	0	17949.257443548	0	23851.8014221094
usage_prot_E6R931	CGB_G1340W	158.681381240673	17949.257443548	166.061910600704	23851.8014221094
usage_prot_E6R936	CGB_G1390C	0	0	0	0
usage_prot_E6R956	CGB_G1590C	0	17949.257443548	0	23851.8014221095
usage_prot_E6R957	CGB_G1600C	16706.4349547268	12079.471617026	16909.8661006191	16051.7591994803
usage_prot_E6R976	CGB_G2130W	0	0	0	0
usage_prot_E6R988	CGB_G2250C	175.486927116905	17.2950132821258	172.420489236615	20.0013775263017
usage_prot_E6R992	CGB_G2280C	5342.06754337284	17949.2574435495	5667.16409706064	23851.8014221095
usage_prot_E6R996	CGB_G2320W	7361.4283878825	17949.257443548	7282.32450096298	23851.8014221094
usage_prot_E6R9A0	CGB_G2360W	0	0	0	0
usage_prot_E6R9A1	CGB_G2370C	0	17949.257443548	0	23851.8014221094
usage_prot_E6R9B6	CGB_G2520C	0	0	0	0
usage_prot_E6R9B7	CGB_G2530W	0	17949.257443548	0	23851.801422109
usage_prot_E6R9D9	CGB_G3130W	0	0	0	0
usage_prot_E6R9E0	CGB_G3140C	5772.14679134625	665.944656551825	6040.61873601505	716.333484500452
usage_prot_E6R9F6	CGB_G3300C	0	0	0	0
usage_prot_E6R9G1	CGB_G3350W	3.75228844529003	0.432909371860739	4.00524984581802	0.46566554107304
usage_prot_E6R9G4	CGB_G3380W	92642.8399992661	4261.91940348372	91497.7751730471	4749.755705107
usage_prot_E6R9J1	CGB_G3620C	0	17949.257443548	0	23851.8014221094
usage_prot_E6R9J4	CGB_G3650C	0	1563.14452454402	0	2691.56579323203
usage_prot_E6R9J8	CGB_G4001W	14880.6553893813	15422.51978886	15480.6953675847	20494.1558495875
usage_prot_E6R9L2	CGB_G4140W	0	0	0	0
usage_prot_E6R9L6	CGB_G4180C	0	0	0	0
usage_prot_E6R9L9	CGB_G4210W	0	0	0	0
usage_prot_E6R9P9	CGB_G4510C	0	0	0	0
usage_prot_E6R9Q2	CGB_G4540C	0	0	0	0
usage_prot_E6R9R0	CGB_G4620C	6376046.12823017	17949.257443548	542.152738030198	23851.8014221094
usage_prot_E6R9R2	CGB_G4640C	0	0	0	0
usage_prot_E6R9S4	CGB_G4760W	0	0	0	0
usage_prot_E6R9T2	CGB_G5070C	3421.25733209598	336.919369435929	3360.23434873984	389.837606827502
usage_prot_E6R9U4	CGB_G5190W	0	17949.257443548	0	23851.8014221094
usage_prot_E6R9U7	CGB_G5220C	0	412.391765355317	0	477.152691413295
usage_prot_E6R9V1	CGB_G5260W	0	0	0	0
usage_prot_E6R9V4	CGB_G5290C	0	0	0	0
usage_prot_E6R9X1	CGB_G5450C	0	17949.257443548	0	23851.8014221094
usage_prot_E6R9X6	CGB_G5490C	1990999.29842683	236593.311747299	2069004.87985361	267111.78105668
usage_prot_E6R9X8	CGB_G5510C	10211.168086659	595.163702908689	10602.4296932707	681.387619320134
usage_prot_E6R9Y9	CGB_G5610C	0	17609.0917028714	0	23555.1884707166
usage_prot_E6RA06	CGB_G6100W	0	11151.7871659867	0	19202.1712631655
usage_prot_E6RA08	CGB_G6120C	1590.38433079531	17949.257443548	1570.03953183194	23851.8014221091
usage_prot_E6RA11	CGB_G6150C	0	0	0	0
usage_prot_E6RA13	CGB_G6170C	0	0	0	0
usage_prot_E6RA28	CGB_G6320C	18531.9052829914	1824.98963278507	18200.3523389498	2111.56905669657
usage_prot_E6RA35	CGB_G6390W	0	0	0	0
usage_prot_E6RA39	CGB_G6430W	0	0	0	0
usage_prot_E6RA46	CGB_G6500C	2683.93137287088	264.301034659413	2635.96834859457	305.806179040455
usage_prot_E6RA50	CGB_G6540C	0	0	0	0
usage_prot_E6RA79	CGB_H0230C	52.7814823061477	17949.257443548	51.1002014338471	23851.8014221094
usage_prot_E6RA94	CGB_H0380C	0	5485.53052507401	0	6457.42709570418
usage_prot_E6RA97	CGB_H0410W	0	0	0	0
usage_prot_E6RAA4	CGB_H0480W	0	17949.257443548	0	23851.8014221094
usage_prot_E6RAA5	CGB_H0490C	0	0	0	0
usage_prot_E6RAB5	CGB_H0590W	955.929282467588	94.1421150164467	938.875069652021	338.057357684179
usage_prot_E6RAB9	CGB_H0630W	0	17949.257443548	0	23851.8014221094
usage_prot_E6RAC7	CGB_H0710C	14959.1649506955	17949.257443548	15386.2189261629	23851.8014221094
usage_prot_E6RAF0	CGB_H1160W	5410.73917031162	532.836044089475	5314.1207057881	616.52371536874
usage_prot_E6RAG6	CGB_H1320W	35382.27085035	17949.257443548	37027.5896399418	23851.8014221094
usage_prot_E6RAJ1	CGB_H1570W	0	0	0	0
usage_prot_E6RAK4	CGB_H1700C	0	0	0	0
usage_prot_E6RAL5	CGB_H2030C	0	0	0	0
usage_prot_E6RAM3	CGB_H2110W	0	14.8795330110031	0	20.6625381786376
usage_prot_E6RAP5	CGB_H2330C	0	7481.63467650955	0	8047.73397437183
usage_prot_E6RAR2	CGB_H2490W	0	0	0	0
usage_prot_E6RAT2	CGB_H2660W	0	17949.257443548	0	23851.8014221094
usage_prot_E6RAT6	CGB_H2700C	0	17949.257443548	0	23851.8014221094
usage_prot_E6RAU0	CGB_H3020C	0	0	0	0
usage_prot_E6RAU7	CGB_H3090W	0	0	0	0
usage_prot_E6RAW3	CGB_H3250W	0	0	0	120.775151197473
usage_prot_E6RAX8	CGB_H3390C	78.9095985967484	17949.257443548	76.3960428474901	23851.8014221094
usage_prot_E6RAY2	CGB_H3430C	0	17949.257443548	0	23851.8014221094
usage_prot_E6RAY3	CGB_H3440W	0	0	0	0
usage_prot_E6RB11	CGB_H3720W	0	0	0	0
usage_prot_E6RB23	CGB_H4020C	0	0	0	0
usage_prot_E6RB46	CGB_H4250C	0	0	0	0
usage_prot_E6RB62	CGB_H4410C	0	0	0	0
usage_prot_E6RB64	CGB_H4430C	0	20130.6613692311	0	26750.5516027474
usage_prot_E6RB66	CGB_H4450C	0	0	0	0
usage_prot_E6RB68	CGB_H4470C	2464.72064633913	242.724740420173	2420.75010950063	280.834096403289
usage_prot_E6RB73	CGB_H4520C	0	0	0	0
usage_prot_E6RB74	CGB_H4530C	0	0	0	0
usage_prot_E6RB94	CGB_H4730W	227892.763186828	26292.4650479335	238492.426058217	27917.9375587386
usage_prot_E6RB97	CGB_H4760C	0	395.574232279052	0	425.505431118348
usage_prot_E6RBA6	CGB_H5060W	1795.09292792971	176.772373151917	1763.01383437336	204.532245071088
usage_prot_E6RBD2	CGB_H5320C	1822.97293593175	179.526871816043	1790.46956424712	207.720989211886
usage_prot_E6RBE4	CGB_H5440W	0	0	0	0
usage_prot_E6RBG0	CGB_H5600W	0	0	0	0
usage_prot_E6RBH3	CGB_H5730C	0	17949.257443548	0	23851.8014221094
usage_prot_E6RBI3	CGB_I4320W	13.1650984111774	0	17.8657841667285	0
usage_prot_E6RBI4	CGB_I4330W	2319843.14081095	282988.162934136	2592689.6275323	314913.196509732
usage_prot_E6RBJ0	CGB_I4390C	0	0	0	0
usage_prot_E6RBJ5	CGB_I4430C	0	0	0	0
usage_prot_E6RBL5	CGB_I4610C	0	0	0	0
usage_prot_E6RBN0	CGB_I0160C	0	0	0	0
usage_prot_E6RBN1	CGB_I0170W	2660.99054610028	262.041929114606	2613.43748444261	303.192309459517
usage_prot_E6RBN9	CGB_I0260C	0.845638808045907	0.0975631164124426	0.916780857914993	0.104945248003517
usage_prot_E6RBP3	CGB_I0300W	0	0	0	0
usage_prot_E6RBP4	CGB_I0310C	4541437.94264219	335395.125818193	4396776.73934416	164509.536719656
usage_prot_E6RBP7	CGB_I0340C	7207.96120167366	709.81790152854	7079.14198312258	821.303816241022
usage_prot_E6RBP8	CGB_I0350C	62137.2750704885	7168.90747940234	65027.3808920337	7711.34421495579
usage_prot_E6RBP9	CGB_I0360W	0	0	0	0
usage_prot_E6RBQ6	CGB_I0430C	0	0	0	0
usage_prot_E6RBS5	CGB_I0620C	0	19.4588856436508	0	27.0216791903586
usage_prot_E6RBS8	CGB_I0650W	27280.6258992638	2885.42245206454	28348.160503015	3417.307581492
usage_prot_E6RBV0	CGB_I1230W	0	0	0	638.666949317245
usage_prot_E6RBV7	CGB_I1300C	0	17949.257443548	0	23851.8014221094
usage_prot_E6RBW4	CGB_I1370W	0	0	0	0
usage_prot_E6RBY7	CGB_I1600W	415.197674181743	54.8874202560083	434.354956790538	61.2161444841388
usage_prot_E6RBZ6	CGB_I1700C	911.471984959516	89.7588905873395	895.21317720319	103.854027137038
usage_prot_E6RC01	CGB_I1750C	30.8690394619484	17949.257443548	32.1320305988514	22737.2286675026
usage_prot_E6RC06	CGB_I2050W	0	0	0	0
usage_prot_E6RC12	CGB_I2110W	0	0	0	0
usage_prot_E6RC15	CGB_I2140W	0	0	0	0
usage_prot_E6RC31	CGB_I2290C	0	0	0	0
usage_prot_E6RC55	CGB_I2530C	0	0	0	0
usage_prot_E6RC71	CGB_I2690W	5869.06425480347	577.985449200114	5764.3950483116	668.746552731927
usage_prot_E6RC73	CGB_I2710W	0	0	0	0
usage_prot_E6RC86	CGB_I3100C	0	0	0	0
usage_prot_E6RC89	CGB_I3130W	0	0	0	0
usage_prot_E6RC94	CGB_I3180W	101.26000356864	9.97142348778762	99.4510374095017	11.5372215269485
usage_prot_E6RCA7	CGB_I3310W	0	0	0	0
usage_prot_E6RCB4	CGB_I3380C	0	0	0	0
usage_prot_E6RCF1	CGB_I4060C	0	8919.8819537172	0	11499.1649038871
usage_prot_E6RCG1	CGB_I4160C	0	0	0	0
usage_prot_E6RCG8	CGB_I4230C	0	0	0	0
usage_prot_E6RCG9	CGB_I4240W	0	0	0	0
usage_prot_E6RCJ9	CGB_J0240W	0	0	0	0
usage_prot_E6RCL4	CGB_J0390W	0	0	0	0
usage_prot_E6RCM8	CGB_J0520C	0	0	0	0
usage_prot_E6RCN7	CGB_J0620W	0	0	0	0
usage_prot_E6RCN9	CGB_J1020C	0	0	0	0
usage_prot_E6RCP5	CGB_J1080C	0	0	0	0
usage_prot_E6RCP7	CGB_J1100C	0.000231407691089771	0	0.000242704220388532	0
usage_prot_E6RCU1	CGB_J1540C	0	17949.257443548	0	23851.8014221094
usage_prot_E6RCU5	CGB_J1580C	3477.93254840236	17949.257443548	3415.8986821138	23851.8014221094
usage_prot_E6RCU9	CGB_J1620C	0	17949.257443548	0	23851.8014221094
usage_prot_E6RCV4	CGB_J1670W	0	17949.257443548	0	23851.8014221094
usage_prot_E6RCW2	CGB_J2070C	0	0	0	0
usage_prot_E6RCW3	CGB_J2080C	0	0	0	0
usage_prot_E6RCW6	CGB_J2110W	0	0	0	0
usage_prot_E6RCX6	CGB_J2210C	0	0	0	0
usage_prot_E6RCY7	CGB_J2320C	1303.71262205651	150.41205389885	1380.3881821856	161.793010305276
usage_prot_E6RCZ2	CGB_J2380W	0	0	0	0
usage_prot_E6RCZ3	CGB_J2390W	11605.3344701575	17949.257443548	11393.2204220817	23851.8014221094
usage_prot_E6RD01	CGB_J2460C	0	0	0	0
usage_prot_E6RD32	CGB_K0180W	0	17949.257443548	0	23851.8014221094
usage_prot_E6RD40	CGB_K0260W	0	0	0	0
usage_prot_E6RD41	CGB_K0270C	1747.74533528334	172.118415482481	1716.64626884004	199.144246186988
usage_prot_E6RD54	CGB_K0400W	100569.895271641	17949.257443548	104935.410754409	23851.8014221094
usage_prot_E6RD72	CGB_K0580W	0	0	0	0
usage_prot_E6RD74	CGB_K0600W	0	0	0	0
usage_prot_E6RD81	CGB_K0670C	0	0	0	0
usage_prot_E6RD82	CGB_K0680W	0	1424.97910847673	0	1532.68316766733
usage_prot_E6RD89	CGB_K0740C	0	0	0	0
usage_prot_E6RDB4	CGB_K1190W	0	0	0	0
usage_prot_E6RDC1	CGB_K1260W	119.723576445844	0	125.292114915437	0
usage_prot_E6RDC8	CGB_K1330C	0	2.98617136255692E-05	0	3.2121205815087E-05
usage_prot_E6RDD2	CGB_K1370C	0	0	0	0
usage_prot_E6RDE0	CGB_K1450W	0	1478.82232945074	0	1590.71769972238
usage_prot_E6RDE6	CGB_K1510C	193250.418165426	19423.0811249657	191581.241962711	22254.6985568427
usage_prot_E6RDE7	CGB_K1520W	0	17949.257443548	0	23851.8014221094
usage_prot_E6RDF8	CGB_K1630C	841.563951519711	97.0929945021871	880.70646093571	101.982157319141
usage_prot_E6RDI6	CGB_K2110W	0	0	0	0
usage_prot_E6RDK1	CGB_K2260C	1214.28340529558	17949.257443548	1213.25766071767	23851.8014221094
usage_prot_E6RDK7	CGB_K2320C	0	21074.5190987506	0	28004.994436923
usage_prot_E6RDM2	CGB_K2470C	0	0	0	0
usage_prot_E6RDM3	CGB_K2480W	0	0	0	0
usage_prot_E6RDN4	CGB_K2580C	155.576434382033	17949.257443548	152.802447282436	23851.8014221094
usage_prot_E6RDN7	CGB_K2610C	0	17949.257443548	0	23851.8014221094
usage_prot_E6RDR6	CGB_K3180C	0	17949.257443548	0	23851.8014221094
usage_prot_E6RDR8	CGB_K3200W	0	0	0	0
usage_prot_E6RDS0	CGB_K3220C	0	0	0	0
usage_prot_E6RDS9	CGB_K3310W	0	0	0	0
usage_prot_E6RDV9	CGB_K3610C	0	0	0	0
usage_prot_E6RDW8	CGB_K3700C	35735.4706598028	17949.257443548	35096.8622128508	23851.8014221094
usage_prot_E6RDX1	CGB_K3730W	0	17949.257443548	0	23851.8014221094
usage_prot_E6RDX2	CGB_K3740C	0	0	0	0
usage_prot_E6RDZ6	CGB_K4240W	0	17949.257443548	0	23851.8014221094
usage_prot_E6RE03	CGB_K4310C	0	17949.257443548	0	23851.8014221094
usage_prot_E6RE09	CGB_K4370W	0	0	0	0
usage_prot_E6RE15	CGB_K4430C	0	0	0	0
usage_prot_E6RE31	CGB_K4590C	0	0	0	0
usage_prot_E6RE74	CGB_L2690C	0	0	0	0
usage_prot_E6RE77	CGB_L2720C	0	0	0	0
usage_prot_E6RE89	CGB_L3060C	0.2487475212443	17949.257443548	0.260317152696835	23851.8014221094
usage_prot_E6REA8	CGB_L3250W	0	17949.257443548	0	23851.8014221094
usage_prot_E6REB3	CGB_L3300C	0	17949.257443548	0	23851.8014221094
usage_prot_E6REB5	CGB_L3320C	138316.614951118	13620.9846408929	135849.32765411	15759.9330748412
usage_prot_E6REE9	CGB_L3660C	0	170.016576091257	0	182.880912364237
usage_prot_E6REF0	CGB_L3670W	3923.28081455843	17949.257443548	4095.92898390532	23851.8014221094
usage_prot_E6REF4	CGB_L3710W	0	0	0	0
usage_prot_E6REG9	CGB_L0110W	0	0	0	0
usage_prot_E6REI1	CGB_L0230W	0	0	0	0
usage_prot_E6REI3	CGB_L0250C	22.2449711776836	2.48320661074401	23.2796209807952	2.67109890695607
usage_prot_E6REI8	CGB_L0300W	0	0	0	0
usage_prot_E6REJ7	CGB_L0380W	75509.7701911219	8615.7596546566	74416.7003112945	10806.4122935274
usage_prot_E6REM3	CGB_L0620C	11521.2234255181	1134.57237526304	11315.0944875478	1312.70544324798
usage_prot_E6REN6	CGB_L1100C	0	17949.257443548	0	23851.8014221094
usage_prot_E6REQ4	CGB_L1280W	0	0	0	0
usage_prot_E6REQ5	CGB_L1290C	0	17949.257443548	0	23851.8014221094
usage_prot_E6RES3	CGB_L1450C	0	0	0	0
usage_prot_E6RET0	CGB_L1520C	202.778078676881	19.9700517161376	199.1604256225	71.710975632898
usage_prot_E6RET1	CGB_L1530C	3185.00023390928	340.679357323009	3128.18680997556	669.771908929416
usage_prot_E6RET7	CGB_L1590C	0	0	0	0
usage_prot_E6REU2	CGB_L1640W	20.0961688575614	1.97900904280807	19.7370141937371	2.28983754246498
usage_prot_E6REV4	CGB_L2090C	0	0	0	0
usage_prot_E6REW7	CGB_L2220W	0	1464.21000989437	0	1574.99973625279
usage_prot_E6REY2	CGB_M0070W	8654.53924101753	998.492306377855	9057.07595110894	1074.04341492585
usage_prot_E6REZ3	CGB_M0180W	0	0	0	0
usage_prot_E6REZ8	CGB_M0230C	0	17949.257443548	0	23851.8014221094
usage_prot_E6RF09	CGB_M0340W	0	17949.257443548	0	23851.8014221182
usage_prot_E6RF10	CGB_M0350C	0	0	0	0
usage_prot_E6RF15	CGB_M0390W	0	0	0	0
usage_prot_E6RF28	CGB_M0520C	0.00857098486613268	0	0.00896964965465804	0
usage_prot_E6RF30	CGB_M0540W	0	2.53855424488193E-07	0	3.37337223082641E-07
usage_prot_E6RF34	CGB_M0580W	0	0	0	0
usage_prot_E6RF48	CGB_M1140W	0	0	0	0
usage_prot_E6RF51	CGB_M1170C	3462.16797968646	17949.2574435484	3977.25134735629	23851.8014220948
usage_prot_E6RF57	CGB_M1230W	0	0	0	0
usage_prot_E6RF72	CGB_M1380W	67.1578827701305	0	66.3905240491942	0
usage_prot_E6RF81	CGB_M1470W	13984.8157806041	1618.00741943221	14635.2723285886	1740.43425576952
usage_prot_E6RF83	CGB_M1490C	0	0	0	0
usage_prot_E6RF84	CGB_M1500C	955.231166131076	94.0733629086859	938.189407978683	108.845543105863
usage_prot_E6RFC1	CGB_M2220W	0	0	0	0
usage_prot_E6RFD0	CGB_M2320C	0	17949.257443548	0	23851.8014221094
usage_prot_E6RFD2	CGB_M2340W	0	17949.257443548	0	23851.8014221094
usage_prot_E6RFD4	CGB_M2360C	22347.0938441353	17949.257443548	23422.7851493142	23851.8014221094
usage_prot_E6RFD8	CGB_M2400C	3.55397273866424	2893.32810419969	3.68259515818756	3112.19138638516
usage_prot_E6RFF1	CGB_M2530C	0	0	0	0
usage_prot_E6RFK7	CGB_M3540C	0	0	0	0
usage_prot_E6RFL1	CGB_M3580C	0	0	0	0
usage_prot_E6RFL9	CGB_N3200W	0	0	0	0
usage_prot_E6RFM1	CGB_N3220C	176.934258099777	20.4132756851102	187.340334642589	21.9578500371155
usage_prot_E6RFN3	CGB_N3340W	0	0	0	0
usage_prot_E6RFP0	CGB_N3410W	162740.506190249	21595.175283396	200940.343439405	23677.2306139576
usage_prot_E6RFP3	CGB_N3440W	0	0	0	0
usage_prot_E6RFP6	CGB_N3480C	85907.3794646262	0	87983.7211352418	0
usage_prot_E6RFS6	CGB_N0190C	0	17949.257443548	0	23851.8014221094
usage_prot_E6RFT0	CGB_N0230W	0	0	0	0
usage_prot_E6RFT5	CGB_N0280C	0	0	0	0
usage_prot_E6RFU3	CGB_N0360W	1891.31676442809	218.205173466575	1979.2849816111	231.695217497773
usage_prot_E6RFW4	CGB_N1040C	0	0	0	0
usage_prot_E6RFY2	CGB_N1220W	0	17949.257443548	0	23851.8014221094
usage_prot_E6RFZ8	CGB_N1380W	212.867556156405	17949.257443548	209.070334773104	23851.8014221094
usage_prot_E6RFZ9	CGB_N1390C	0	0	0	0
usage_prot_E6RG01	CGB_N1410W	7423.86735476349	0	7643.78571971592	0
usage_prot_E6RG03	CGB_N1430W	0	0	0	0
usage_prot_E6RG11	CGB_N1510C	0	17949.257443548	0	23851.8014221094
usage_prot_E6RG43	CGB_N2180W	0	0	0	0
usage_prot_E6RG49	CGB_N2230C	1202.13830166582	128.585140957157	1180.69478898088	252.796987746978
usage_prot_E6RG59	CGB_N2320C	0	17949.257443548	0	23851.8014221094
usage_prot_E6RG68	CGB_N2400W	3410.5007345186	335.860229038855	3349.66967851061	388.597970058606
usage_prot_E6RG75	CGB_N2470C	0	17949.257443548	0	23851.8014221094
usage_prot_E6RG94	CGB_N3050C	0	0	0	0
